ConfigID,index,entityName,category,geomFileName,matSysFileName,x,y,z
163,0,water,water,water,ms/osvWater.ms,0,0,0
163,1,panmao,default category,object/panmao/panmao.flt,object/panmao/panmaoemat.ms,0,0,0
163,2,hajimi1,default category,object/hajimi/hajimiuntitled.flt,object/hajimi/hajimiuntitled.ms,0,0,0
163,3,hajimi2,default category,object/hajimi/hajimiuntitled.flt,object/hajimi/hajimiuntitled.ms,0,0,0
163,4,hajimi3,default category,object/hajimi/hajimiuntitled.flt,object/hajimi/hajimiuntitled.ms,0,0,0
163,5,hajimi4,default category,object/hajimi/hajimiuntitled.flt,object/hajimi/hajimiuntitled.ms,0,0,0
164,6,water,water,water,ms/osvWater.ms,0,0,0
164,7,panmao,default category,object/panmao/panmao.flt,object/panmao/panmaoemat.ms,0,0,0
164,8,hajimi1,default category,object/hajimi/hajimiuntitled.flt,object/hajimi/hajimiuntitled.ms,0,0,0
164,9,hajimi2,default category,object/hajimi/hajimiuntitled.flt,object/hajimi/hajimiuntitled.ms,0,0,0
164,10,hajimi3,default category,object/hajimi/hajimiuntitled.flt,object/hajimi/hajimiuntitled.ms,0,0,0
164,11,hajimi4,default category,object/hajimi/hajimiuntitled.flt,object/hajimi/hajimiuntitled.ms,0,0,0
165,12,water,water,water,ms/osvWater.ms,0,0,0
165,13,panmao,default category,object/panmao/panmao.flt,object/panmao/panmaoemat.ms,0,0,0
165,14,hajimi1,default category,object/hajimi/hajimiuntitled.flt,object/hajimi/hajimiuntitled.ms,0,0,0
165,15,hajimi2,default category,object/hajimi/hajimiuntitled.flt,object/hajimi/hajimiuntitled.ms,0,0,0
165,16,hajimi3,default category,object/hajimi/hajimiuntitled.flt,object/hajimi/hajimiuntitled.ms,0,0,0
165,17,hajimi4,default category,object/hajimi/hajimiuntitled.flt,object/hajimi/hajimiuntitled.ms,0,0,0
166,18,water,water,water,ms/osvWater.ms,0,0,0
166,19,panmao,default category,object/panmao/panmao.flt,object/panmao/panmaoemat.ms,0,0,0
166,20,hajimi1,default category,object/hajimi/hajimiuntitled.flt,object/hajimi/hajimiuntitled.ms,0,0,0
166,21,hajimi2,default category,object/hajimi/hajimiuntitled.flt,object/hajimi/hajimiuntitled.ms,0,0,0
166,22,hajimi3,default category,object/hajimi/hajimiuntitled.flt,object/hajimi/hajimiuntitled.ms,0,0,0
166,23,hajimi4,default category,object/hajimi/hajimiuntitled.flt,object/hajimi/hajimiuntitled.ms,0,0,0
167,24,water,water,water,ms/osvWater.ms,0,0,0
167,25,panmao,default category,object/panmao/panmao.flt,object/panmao/panmaoemat.ms,0,0,0
167,26,hajimi1,default category,object/hajimi/hajimiuntitled.flt,object/hajimi/hajimiuntitled.ms,0,0,0
167,27,hajimi2,default category,object/hajimi/hajimiuntitled.flt,object/hajimi/hajimiuntitled.ms,0,0,0
167,28,hajimi3,default category,object/hajimi/hajimiuntitled.flt,object/hajimi/hajimiuntitled.ms,0,0,0
167,29,hajimi4,default category,object/hajimi/hajimiuntitled.flt,object/hajimi/hajimiuntitled.ms,0,0,0
168,30,water,water,water,ms/osvWater.ms,0,0,0
168,31,panmao,default category,object/panmao/panmao.flt,object/panmao/panmaoemat.ms,0,0,0
168,32,hajimi1,default category,object/hajimi/hajimiuntitled.flt,object/hajimi/hajimiuntitled.ms,0,0,0
168,33,hajimi2,default category,object/hajimi/hajimiuntitled.flt,object/hajimi/hajimiuntitled.ms,0,0,0
168,34,hajimi3,default category,object/hajimi/hajimiuntitled.flt,object/hajimi/hajimiuntitled.ms,0,0,0
168,35,hajimi4,default category,object/hajimi/hajimiuntitled.flt,object/hajimi/hajimiuntitled.ms,0,0,0
169,36,water,water,water,ms/osvWater.ms,0,0,0
169,37,panmao,default category,object/panmao/panmao.flt,object/panmao/panmaoemat.ms,0,0,0
169,38,hajimi1,default category,object/hajimi/hajimiuntitled.flt,object/hajimi/hajimiuntitled.ms,0,0,0
169,39,hajimi2,default category,object/hajimi/hajimiuntitled.flt,object/hajimi/hajimiuntitled.ms,0,0,0
169,40,hajimi3,default category,object/hajimi/hajimiuntitled.flt,object/hajimi/hajimiuntitled.ms,0,0,0
169,41,hajimi4,default category,object/hajimi/hajimiuntitled.flt,object/hajimi/hajimiuntitled.ms,0,0,0
170,42,water,water,water,ms/osvWater.ms,0,0,0
170,43,panmao,default category,object/panmao/panmao.flt,object/panmao/panmaoemat.ms,0,0,0
170,44,hajimi1,default category,object/hajimi/hajimiuntitled.flt,object/hajimi/hajimiuntitled.ms,0,0,0
170,45,hajimi2,default category,object/hajimi/hajimiuntitled.flt,object/hajimi/hajimiuntitled.ms,0,0,0
170,46,hajimi3,default category,object/hajimi/hajimiuntitled.flt,object/hajimi/hajimiuntitled.ms,0,0,0
170,47,hajimi4,default category,object/hajimi/hajimiuntitled.flt,object/hajimi/hajimiuntitled.ms,0,0,0
171,48,water,water,water,ms/osvWater.ms,0,0,0
171,49,panmao,default category,object/panmao/panmao.flt,object/panmao/panmaoemat.ms,0,0,0
171,50,hajimi1,default category,object/hajimi/hajimiuntitled.flt,object/hajimi/hajimiuntitled.ms,0,0,0
171,51,hajimi2,default category,object/hajimi/hajimiuntitled.flt,object/hajimi/hajimiuntitled.ms,0,0,0
171,52,hajimi3,default category,object/hajimi/hajimiuntitled.flt,object/hajimi/hajimiuntitled.ms,0,0,0
171,53,hajimi4,default category,object/hajimi/hajimiuntitled.flt,object/hajimi/hajimiuntitled.ms,0,0,0
172,54,water,water,water,ms/osvWater.ms,0,0,0
172,55,panmao,default category,object/panmao/panmao.flt,object/panmao/panmaoemat.ms,0,0,0
172,56,hajimi1,default category,object/hajimi/hajimiuntitled.flt,object/hajimi/hajimiuntitled.ms,0,0,0
172,57,hajimi2,default category,object/hajimi/hajimiuntitled.flt,object/hajimi/hajimiuntitled.ms,0,0,0
172,58,hajimi3,default category,object/hajimi/hajimiuntitled.flt,object/hajimi/hajimiuntitled.ms,0,0,0
172,59,hajimi4,default category,object/hajimi/hajimiuntitled.flt,object/hajimi/hajimiuntitled.ms,0,0,0
173,60,water,water,water,ms/osvWater.ms,0,0,0
173,61,panmao,default category,object/panmao/panmao.flt,object/panmao/panmaoemat.ms,0,0,0
173,62,hajimi1,default category,object/hajimi/hajimiuntitled.flt,object/hajimi/hajimiuntitled.ms,0,0,0
173,63,hajimi2,default category,object/hajimi/hajimiuntitled.flt,object/hajimi/hajimiuntitled.ms,0,0,0
173,64,hajimi3,default category,object/hajimi/hajimiuntitled.flt,object/hajimi/hajimiuntitled.ms,0,0,0
173,65,hajimi4,default category,object/hajimi/hajimiuntitled.flt,object/hajimi/hajimiuntitled.ms,0,0,0
174,66,water,water,water,ms/osvWater.ms,0,0,0
174,67,panmao,default category,object/panmao/panmao.flt,object/panmao/panmaoemat.ms,0,0,0
174,68,hajimi1,default category,object/hajimi/hajimiuntitled.flt,object/hajimi/hajimiuntitled.ms,0,0,0
174,69,hajimi2,default category,object/hajimi/hajimiuntitled.flt,object/hajimi/hajimiuntitled.ms,0,0,0
174,70,hajimi3,default category,object/hajimi/hajimiuntitled.flt,object/hajimi/hajimiuntitled.ms,0,0,0
174,71,hajimi4,default category,object/hajimi/hajimiuntitled.flt,object/hajimi/hajimiuntitled.ms,0,0,0
175,72,water,water,water,ms/osvWater.ms,0,0,0
175,73,panmao,default category,object/panmao/panmao.flt,object/panmao/panmaoemat.ms,0,0,0
175,74,hajimi1,default category,object/hajimi/hajimiuntitled.flt,object/hajimi/hajimiuntitled.ms,0,0,0
175,75,hajimi2,default category,object/hajimi/hajimiuntitled.flt,object/hajimi/hajimiuntitled.ms,0,0,0
175,76,hajimi3,default category,object/hajimi/hajimiuntitled.flt,object/hajimi/hajimiuntitled.ms,0,0,0
175,77,hajimi4,default category,object/hajimi/hajimiuntitled.flt,object/hajimi/hajimiuntitled.ms,0,0,0
176,78,water,water,water,ms/osvWater.ms,0,0,0
176,79,panmao,default category,object/panmao/panmao.flt,object/panmao/panmaoemat.ms,0,0,0
176,80,hajimi1,default category,object/hajimi/hajimiuntitled.flt,object/hajimi/hajimiuntitled.ms,0,0,0
176,81,hajimi2,default category,object/hajimi/hajimiuntitled.flt,object/hajimi/hajimiuntitled.ms,0,0,0
176,82,hajimi3,default category,object/hajimi/hajimiuntitled.flt,object/hajimi/hajimiuntitled.ms,0,0,0
176,83,hajimi4,default category,object/hajimi/hajimiuntitled.flt,object/hajimi/hajimiuntitled.ms,0,0,0
177,84,water,water,water,ms/osvWater.ms,0,0,0
177,85,panmao,default category,object/panmao/panmao.flt,object/panmao/panmaoemat.ms,0,0,0
177,86,hajimi1,default category,object/hajimi/hajimiuntitled.flt,object/hajimi/hajimiuntitled.ms,0,0,0
177,87,hajimi2,default category,object/hajimi/hajimiuntitled.flt,object/hajimi/hajimiuntitled.ms,0,0,0
177,88,hajimi3,default category,object/hajimi/hajimiuntitled.flt,object/hajimi/hajimiuntitled.ms,0,0,0
177,89,hajimi4,default category,object/hajimi/hajimiuntitled.flt,object/hajimi/hajimiuntitled.ms,0,0,0
178,90,water,water,water,ms/osvWater.ms,0,0,0
178,91,panmao,default category,object/panmao/panmao.flt,object/panmao/panmaoemat.ms,0,0,0
178,92,hajimi1,default category,object/hajimi/hajimiuntitled.flt,object/hajimi/hajimiuntitled.ms,0,0,0
178,93,hajimi2,default category,object/hajimi/hajimiuntitled.flt,object/hajimi/hajimiuntitled.ms,0,0,0
178,94,hajimi3,default category,object/hajimi/hajimiuntitled.flt,object/hajimi/hajimiuntitled.ms,0,0,0
178,95,hajimi4,default category,object/hajimi/hajimiuntitled.flt,object/hajimi/hajimiuntitled.ms,0,0,0
179,96,water,water,water,ms/osvWater.ms,0,0,0
179,97,panmao,default category,object/panmao/panmao.flt,object/panmao/panmaoemat.ms,0,0,0
179,98,hajimi1,default category,object/hajimi/hajimiuntitled.flt,object/hajimi/hajimiuntitled.ms,0,0,0
179,99,hajimi2,default category,object/hajimi/hajimiuntitled.flt,object/hajimi/hajimiuntitled.ms,0,0,0
179,100,hajimi3,default category,object/hajimi/hajimiuntitled.flt,object/hajimi/hajimiuntitled.ms,0,0,0
179,101,hajimi4,default category,object/hajimi/hajimiuntitled.flt,object/hajimi/hajimiuntitled.ms,0,0,0
180,102,water,water,water,ms/osvWater.ms,0,0,0
180,103,panmao,default category,object/panmao/panmao.flt,object/panmao/panmaoemat.ms,0,0,0
180,104,hajimi1,default category,object/hajimi/hajimiuntitled.flt,object/hajimi/hajimiuntitled.ms,0,0,0
180,105,hajimi2,default category,object/hajimi/hajimiuntitled.flt,object/hajimi/hajimiuntitled.ms,0,0,0
180,106,hajimi3,default category,object/hajimi/hajimiuntitled.flt,object/hajimi/hajimiuntitled.ms,0,0,0
180,107,hajimi4,default category,object/hajimi/hajimiuntitled.flt,object/hajimi/hajimiuntitled.ms,0,0,0
181,108,water,water,water,ms/osvWater.ms,0,0,0
181,109,panmao,default category,object/panmao/panmao.flt,object/panmao/panmaoemat.ms,0,0,0
181,110,hajimi1,default category,object/hajimi/hajimiuntitled.flt,object/hajimi/hajimiuntitled.ms,0,0,0
181,111,hajimi2,default category,object/hajimi/hajimiuntitled.flt,object/hajimi/hajimiuntitled.ms,0,0,0
181,112,hajimi3,default category,object/hajimi/hajimiuntitled.flt,object/hajimi/hajimiuntitled.ms,0,0,0
181,113,hajimi4,default category,object/hajimi/hajimiuntitled.flt,object/hajimi/hajimiuntitled.ms,0,0,0
182,114,water,water,water,ms/osvWater.ms,0,0,0
182,115,panmao,default category,object/panmao/panmao.flt,object/panmao/panmaoemat.ms,0,0,0
182,116,hajimi1,default category,object/hajimi/hajimiuntitled.flt,object/hajimi/hajimiuntitled.ms,0,0,0
182,117,hajimi2,default category,object/hajimi/hajimiuntitled.flt,object/hajimi/hajimiuntitled.ms,0,0,0
182,118,hajimi3,default category,object/hajimi/hajimiuntitled.flt,object/hajimi/hajimiuntitled.ms,0,0,0
182,119,hajimi4,default category,object/hajimi/hajimiuntitled.flt,object/hajimi/hajimiuntitled.ms,0,0,0
183,120,water,water,water,ms/osvWater.ms,0,0,0
183,121,panmao,default category,object/panmao/panmao.flt,object/panmao/panmaoemat.ms,0,0,0
183,122,hajimi1,default category,object/hajimi/hajimiuntitled.flt,object/hajimi/hajimiuntitled.ms,0,0,0
183,123,hajimi2,default category,object/hajimi/hajimiuntitled.flt,object/hajimi/hajimiuntitled.ms,0,0,0
183,124,hajimi3,default category,object/hajimi/hajimiuntitled.flt,object/hajimi/hajimiuntitled.ms,0,0,0
183,125,hajimi4,default category,object/hajimi/hajimiuntitled.flt,object/hajimi/hajimiuntitled.ms,0,0,0
184,126,water,water,water,ms/osvWater.ms,0,0,0
184,127,panmao,default category,object/panmao/panmao.flt,object/panmao/panmaoemat.ms,0,0,0
184,128,hajimi1,default category,object/hajimi/hajimiuntitled.flt,object/hajimi/hajimiuntitled.ms,0,0,0
184,129,hajimi2,default category,object/hajimi/hajimiuntitled.flt,object/hajimi/hajimiuntitled.ms,0,0,0
184,130,hajimi3,default category,object/hajimi/hajimiuntitled.flt,object/hajimi/hajimiuntitled.ms,0,0,0
184,131,hajimi4,default category,object/hajimi/hajimiuntitled.flt,object/hajimi/hajimiuntitled.ms,0,0,0
185,132,water,water,water,ms/osvWater.ms,0,0,0
185,133,panmao,default category,object/panmao/panmao.flt,object/panmao/panmaoemat.ms,0,0,0
185,134,hajimi1,default category,object/hajimi/hajimiuntitled.flt,object/hajimi/hajimiuntitled.ms,0,0,0
185,135,hajimi2,default category,object/hajimi/hajimiuntitled.flt,object/hajimi/hajimiuntitled.ms,0,0,0
185,136,hajimi3,default category,object/hajimi/hajimiuntitled.flt,object/hajimi/hajimiuntitled.ms,0,0,0
185,137,hajimi4,default category,object/hajimi/hajimiuntitled.flt,object/hajimi/hajimiuntitled.ms,0,0,0
186,138,water,water,water,ms/osvWater.ms,0,0,0
186,139,panmao,default category,object/panmao/panmao.flt,object/panmao/panmaoemat.ms,0,0,0
186,140,hajimi1,default category,object/hajimi/hajimiuntitled.flt,object/hajimi/hajimiuntitled.ms,0,0,0
186,141,hajimi2,default category,object/hajimi/hajimiuntitled.flt,object/hajimi/hajimiuntitled.ms,0,0,0
186,142,hajimi3,default category,object/hajimi/hajimiuntitled.flt,object/hajimi/hajimiuntitled.ms,0,0,0
186,143,hajimi4,default category,object/hajimi/hajimiuntitled.flt,object/hajimi/hajimiuntitled.ms,0,0,0
187,144,water,water,water,ms/osvWater.ms,0,0,0
187,145,panmao,default category,object/panmao/panmao.flt,object/panmao/panmaoemat.ms,0,0,0
187,146,hajimi1,default category,object/hajimi/hajimiuntitled.flt,object/hajimi/hajimiuntitled.ms,0,0,0
187,147,hajimi2,default category,object/hajimi/hajimiuntitled.flt,object/hajimi/hajimiuntitled.ms,0,0,0
187,148,hajimi3,default category,object/hajimi/hajimiuntitled.flt,object/hajimi/hajimiuntitled.ms,0,0,0
187,149,hajimi4,default category,object/hajimi/hajimiuntitled.flt,object/hajimi/hajimiuntitled.ms,0,0,0
188,150,water,water,water,ms/osvWater.ms,0,0,0
188,151,panmao,default category,object/panmao/panmao.flt,object/panmao/panmaoemat.ms,0,0,0
188,152,hajimi1,default category,object/hajimi/hajimiuntitled.flt,object/hajimi/hajimiuntitled.ms,0,0,0
188,153,hajimi2,default category,object/hajimi/hajimiuntitled.flt,object/hajimi/hajimiuntitled.ms,0,0,0
188,154,hajimi3,default category,object/hajimi/hajimiuntitled.flt,object/hajimi/hajimiuntitled.ms,0,0,0
188,155,hajimi4,default category,object/hajimi/hajimiuntitled.flt,object/hajimi/hajimiuntitled.ms,0,0,0
189,156,water,water,water,ms/osvWater.ms,0,0,0
189,157,panmao,default category,object/panmao/panmao.flt,object/panmao/panmaoemat.ms,0,0,0
189,158,hajimi1,default category,object/hajimi/hajimiuntitled.flt,object/hajimi/hajimiuntitled.ms,0,0,0
189,159,hajimi2,default category,object/hajimi/hajimiuntitled.flt,object/hajimi/hajimiuntitled.ms,0,0,0
189,160,hajimi3,default category,object/hajimi/hajimiuntitled.flt,object/hajimi/hajimiuntitled.ms,0,0,0
189,161,hajimi4,default category,object/hajimi/hajimiuntitled.flt,object/hajimi/hajimiuntitled.ms,0,0,0
190,162,water,water,water,ms/osvWater.ms,0,0,0
190,163,panmao,default category,object/panmao/panmao.flt,object/panmao/panmaoemat.ms,0,0,0
190,164,hajimi1,default category,object/hajimi/hajimiuntitled.flt,object/hajimi/hajimiuntitled.ms,0,0,0
190,165,hajimi2,default category,object/hajimi/hajimiuntitled.flt,object/hajimi/hajimiuntitled.ms,0,0,0
190,166,hajimi3,default category,object/hajimi/hajimiuntitled.flt,object/hajimi/hajimiuntitled.ms,0,0,0
190,167,hajimi4,default category,object/hajimi/hajimiuntitled.flt,object/hajimi/hajimiuntitled.ms,0,0,0
191,168,water,water,water,ms/osvWater.ms,0,0,0
191,169,panmao,default category,object/panmao/panmao.flt,object/panmao/panmaoemat.ms,0,0,0
191,170,hajimi1,default category,object/hajimi/hajimiuntitled.flt,object/hajimi/hajimiuntitled.ms,0,0,0
191,171,hajimi2,default category,object/hajimi/hajimiuntitled.flt,object/hajimi/hajimiuntitled.ms,0,0,0
191,172,hajimi3,default category,object/hajimi/hajimiuntitled.flt,object/hajimi/hajimiuntitled.ms,0,0,0
191,173,hajimi4,default category,object/hajimi/hajimiuntitled.flt,object/hajimi/hajimiuntitled.ms,0,0,0
192,174,water,water,water,ms/osvWater.ms,0,0,0
192,175,panmao,default category,object/panmao/panmao.flt,object/panmao/panmaoemat.ms,0,0,0
192,176,hajimi1,default category,object/hajimi/hajimiuntitled.flt,object/hajimi/hajimiuntitled.ms,0,0,0
192,177,hajimi2,default category,object/hajimi/hajimiuntitled.flt,object/hajimi/hajimiuntitled.ms,0,0,0
192,178,hajimi3,default category,object/hajimi/hajimiuntitled.flt,object/hajimi/hajimiuntitled.ms,0,0,0
192,179,hajimi4,default category,object/hajimi/hajimiuntitled.flt,object/hajimi/hajimiuntitled.ms,0,0,0
193,180,water,water,water,ms/osvWater.ms,0,0,0
193,181,panmao,default category,object/panmao/panmao.flt,object/panmao/panmaoemat.ms,0,0,0
193,182,hajimi1,default category,object/hajimi/hajimiuntitled.flt,object/hajimi/hajimiuntitled.ms,0,0,0
193,183,hajimi2,default category,object/hajimi/hajimiuntitled.flt,object/hajimi/hajimiuntitled.ms,0,0,0
193,184,hajimi3,default category,object/hajimi/hajimiuntitled.flt,object/hajimi/hajimiuntitled.ms,0,0,0
193,185,hajimi4,default category,object/hajimi/hajimiuntitled.flt,object/hajimi/hajimiuntitled.ms,0,0,0
194,186,water,water,water,ms/osvWater.ms,0,0,0
194,187,panmao,default category,object/panmao/panmao.flt,object/panmao/panmaoemat.ms,0,0,0
194,188,hajimi1,default category,object/hajimi/hajimiuntitled.flt,object/hajimi/hajimiuntitled.ms,0,0,0
194,189,hajimi2,default category,object/hajimi/hajimiuntitled.flt,object/hajimi/hajimiuntitled.ms,0,0,0
194,190,hajimi3,default category,object/hajimi/hajimiuntitled.flt,object/hajimi/hajimiuntitled.ms,0,0,0
194,191,hajimi4,default category,object/hajimi/hajimiuntitled.flt,object/hajimi/hajimiuntitled.ms,0,0,0
195,192,water,water,water,ms/osvWater.ms,0,0,0
195,193,panmao,default category,object/panmao/panmao.flt,object/panmao/panmaoemat.ms,0,0,0
195,194,hajimi1,default category,object/hajimi/hajimiuntitled.flt,object/hajimi/hajimiuntitled.ms,0,0,0
195,195,hajimi2,default category,object/hajimi/hajimiuntitled.flt,object/hajimi/hajimiuntitled.ms,0,0,0
195,196,hajimi3,default category,object/hajimi/hajimiuntitled.flt,object/hajimi/hajimiuntitled.ms,0,0,0
195,197,hajimi4,default category,object/hajimi/hajimiuntitled.flt,object/hajimi/hajimiuntitled.ms,0,0,0
196,198,water,water,water,ms/osvWater.ms,0,0,0
196,199,panmao,default category,object/panmao/panmao.flt,object/panmao/panmaoemat.ms,0,0,0
196,200,hajimi1,default category,object/hajimi/hajimiuntitled.flt,object/hajimi/hajimiuntitled.ms,0,0,0
196,201,hajimi2,default category,object/hajimi/hajimiuntitled.flt,object/hajimi/hajimiuntitled.ms,0,0,0
196,202,hajimi3,default category,object/hajimi/hajimiuntitled.flt,object/hajimi/hajimiuntitled.ms,0,0,0
196,203,hajimi4,default category,object/hajimi/hajimiuntitled.flt,object/hajimi/hajimiuntitled.ms,0,0,0
197,204,water,water,water,ms/osvWater.ms,0,0,0
197,205,panmao,default category,object/panmao/panmao.flt,object/panmao/panmaoemat.ms,0,0,0
197,206,hajimi1,default category,object/hajimi/hajimiuntitled.flt,object/hajimi/hajimiuntitled.ms,0,0,0
197,207,hajimi2,default category,object/hajimi/hajimiuntitled.flt,object/hajimi/hajimiuntitled.ms,0,0,0
197,208,hajimi3,default category,object/hajimi/hajimiuntitled.flt,object/hajimi/hajimiuntitled.ms,0,0,0
197,209,hajimi4,default category,object/hajimi/hajimiuntitled.flt,object/hajimi/hajimiuntitled.ms,0,0,0
198,210,water,water,water,ms/osvWater.ms,0,0,0
198,211,panmao,default category,object/panmao/panmao.flt,object/panmao/panmaoemat.ms,0,0,0
198,212,hajimi1,default category,object/hajimi/hajimiuntitled.flt,object/hajimi/hajimiuntitled.ms,0,0,0
198,213,hajimi2,default category,object/hajimi/hajimiuntitled.flt,object/hajimi/hajimiuntitled.ms,0,0,0
198,214,hajimi3,default category,object/hajimi/hajimiuntitled.flt,object/hajimi/hajimiuntitled.ms,0,0,0
198,215,hajimi4,default category,object/hajimi/hajimiuntitled.flt,object/hajimi/hajimiuntitled.ms,0,0,0
199,216,water,water,water,ms/osvWater.ms,0,0,0
199,217,panmao,default category,object/panmao/panmao.flt,object/panmao/panmaoemat.ms,0,0,0
199,218,hajimi1,default category,object/hajimi/hajimiuntitled.flt,object/hajimi/hajimiuntitled.ms,0,0,0
199,219,hajimi2,default category,object/hajimi/hajimiuntitled.flt,object/hajimi/hajimiuntitled.ms,0,0,0
199,220,hajimi3,default category,object/hajimi/hajimiuntitled.flt,object/hajimi/hajimiuntitled.ms,0,0,0
199,221,hajimi4,default category,object/hajimi/hajimiuntitled.flt,object/hajimi/hajimiuntitled.ms,0,0,0
200,222,water,water,water,ms/osvWater.ms,0,0,0
200,223,panmao,default category,object/panmao/panmao.flt,object/panmao/panmaoemat.ms,0,0,0
200,224,hajimi1,default category,object/hajimi/hajimiuntitled.flt,object/hajimi/hajimiuntitled.ms,0,0,0
200,225,hajimi2,default category,object/hajimi/hajimiuntitled.flt,object/hajimi/hajimiuntitled.ms,0,0,0
200,226,hajimi3,default category,object/hajimi/hajimiuntitled.flt,object/hajimi/hajimiuntitled.ms,0,0,0
200,227,hajimi4,default category,object/hajimi/hajimiuntitled.flt,object/hajimi/hajimiuntitled.ms,0,0,0
201,228,water,water,water,ms/osvWater.ms,0,0,0
201,229,panmao,default category,object/panmao/panmao.flt,object/panmao/panmaoemat.ms,0,0,0
201,230,hajimi1,default category,object/hajimi/hajimiuntitled.flt,object/hajimi/hajimiuntitled.ms,0,0,0
201,231,hajimi2,default category,object/hajimi/hajimiuntitled.flt,object/hajimi/hajimiuntitled.ms,0,0,0
201,232,hajimi3,default category,object/hajimi/hajimiuntitled.flt,object/hajimi/hajimiuntitled.ms,0,0,0
201,233,hajimi4,default category,object/hajimi/hajimiuntitled.flt,object/hajimi/hajimiuntitled.ms,0,0,0
202,234,water,water,water,ms/osvWater.ms,0,0,0
202,235,panmao,default category,object/panmao/panmao.flt,object/panmao/panmaoemat.ms,0,0,0
202,236,hajimi1,default category,object/hajimi/hajimiuntitled.flt,object/hajimi/hajimiuntitled.ms,0,0,0
202,237,hajimi2,default category,object/hajimi/hajimiuntitled.flt,object/hajimi/hajimiuntitled.ms,0,0,0
202,238,hajimi3,default category,object/hajimi/hajimiuntitled.flt,object/hajimi/hajimiuntitled.ms,0,0,0
202,239,hajimi4,default category,object/hajimi/hajimiuntitled.flt,object/hajimi/hajimiuntitled.ms,0,0,0
203,240,water,water,water,ms/osvWater.ms,0,0,0
203,241,panmao,default category,object/panmao/panmao.flt,object/panmao/panmaoemat.ms,0,0,0
203,242,hajimi1,default category,object/hajimi/hajimiuntitled.flt,object/hajimi/hajimiuntitled.ms,0,0,0
203,243,hajimi2,default category,object/hajimi/hajimiuntitled.flt,object/hajimi/hajimiuntitled.ms,0,0,0
203,244,hajimi3,default category,object/hajimi/hajimiuntitled.flt,object/hajimi/hajimiuntitled.ms,0,0,0
203,245,hajimi4,default category,object/hajimi/hajimiuntitled.flt,object/hajimi/hajimiuntitled.ms,0,0,0
204,246,water,water,water,ms/osvWater.ms,0,0,0
204,247,panmao,default category,object/panmao/panmao.flt,object/panmao/panmaoemat.ms,0,0,0
204,248,hajimi1,default category,object/hajimi/hajimiuntitled.flt,object/hajimi/hajimiuntitled.ms,0,0,0
204,249,hajimi2,default category,object/hajimi/hajimiuntitled.flt,object/hajimi/hajimiuntitled.ms,0,0,0
204,250,hajimi3,default category,object/hajimi/hajimiuntitled.flt,object/hajimi/hajimiuntitled.ms,0,0,0
204,251,hajimi4,default category,object/hajimi/hajimiuntitled.flt,object/hajimi/hajimiuntitled.ms,0,0,0
205,252,water,water,water,ms/osvWater.ms,0,0,0
205,253,panmao,default category,object/panmao/panmao.flt,object/panmao/panmaoemat.ms,0,0,0
205,254,hajimi1,default category,object/hajimi/hajimiuntitled.flt,object/hajimi/hajimiuntitled.ms,0,0,0
205,255,hajimi2,default category,object/hajimi/hajimiuntitled.flt,object/hajimi/hajimiuntitled.ms,0,0,0
205,256,hajimi3,default category,object/hajimi/hajimiuntitled.flt,object/hajimi/hajimiuntitled.ms,0,0,0
205,257,hajimi4,default category,object/hajimi/hajimiuntitled.flt,object/hajimi/hajimiuntitled.ms,0,0,0
206,258,water,water,water,ms/osvWater.ms,0,0,0
206,259,panmao,default category,object/panmao/panmao.flt,object/panmao/panmaoemat.ms,0,0,0
206,260,hajimi1,default category,object/hajimi/hajimiuntitled.flt,object/hajimi/hajimiuntitled.ms,0,0,0
206,261,hajimi2,default category,object/hajimi/hajimiuntitled.flt,object/hajimi/hajimiuntitled.ms,0,0,0
206,262,hajimi3,default category,object/hajimi/hajimiuntitled.flt,object/hajimi/hajimiuntitled.ms,0,0,0
206,263,hajimi4,default category,object/hajimi/hajimiuntitled.flt,object/hajimi/hajimiuntitled.ms,0,0,0
207,264,water,water,water,ms/osvWater.ms,0,0,0
207,265,panmao,default category,object/panmao/panmao.flt,object/panmao/panmaoemat.ms,0,0,0
207,266,hajimi1,default category,object/hajimi/hajimiuntitled.flt,object/hajimi/hajimiuntitled.ms,0,0,0
207,267,hajimi2,default category,object/hajimi/hajimiuntitled.flt,object/hajimi/hajimiuntitled.ms,0,0,0
207,268,hajimi3,default category,object/hajimi/hajimiuntitled.flt,object/hajimi/hajimiuntitled.ms,0,0,0
207,269,hajimi4,default category,object/hajimi/hajimiuntitled.flt,object/hajimi/hajimiuntitled.ms,0,0,0
208,270,water,water,water,ms/osvWater.ms,0,0,0
208,271,panmao,default category,object/panmao/panmao.flt,object/panmao/panmaoemat.ms,0,0,0
208,272,hajimi1,default category,object/hajimi/hajimiuntitled.flt,object/hajimi/hajimiuntitled.ms,0,0,0
208,273,hajimi2,default category,object/hajimi/hajimiuntitled.flt,object/hajimi/hajimiuntitled.ms,0,0,0
208,274,hajimi3,default category,object/hajimi/hajimiuntitled.flt,object/hajimi/hajimiuntitled.ms,0,0,0
208,275,hajimi4,default category,object/hajimi/hajimiuntitled.flt,object/hajimi/hajimiuntitled.ms,0,0,0
209,276,water,water,water,ms/osvWater.ms,0,0,0
209,277,panmao,default category,object/panmao/panmao.flt,object/panmao/panmaoemat.ms,0,0,0
209,278,hajimi1,default category,object/hajimi/hajimiuntitled.flt,object/hajimi/hajimiuntitled.ms,0,0,0
209,279,hajimi2,default category,object/hajimi/hajimiuntitled.flt,object/hajimi/hajimiuntitled.ms,0,0,0
209,280,hajimi3,default category,object/hajimi/hajimiuntitled.flt,object/hajimi/hajimiuntitled.ms,0,0,0
209,281,hajimi4,default category,object/hajimi/hajimiuntitled.flt,object/hajimi/hajimiuntitled.ms,0,0,0
210,282,water,water,water,ms/osvWater.ms,0,0,0
210,283,panmao,default category,object/panmao/panmao.flt,object/panmao/panmaoemat.ms,0,0,0
210,284,hajimi1,default category,object/hajimi/hajimiuntitled.flt,object/hajimi/hajimiuntitled.ms,0,0,0
210,285,hajimi2,default category,object/hajimi/hajimiuntitled.flt,object/hajimi/hajimiuntitled.ms,0,0,0
210,286,hajimi3,default category,object/hajimi/hajimiuntitled.flt,object/hajimi/hajimiuntitled.ms,0,0,0
210,287,hajimi4,default category,object/hajimi/hajimiuntitled.flt,object/hajimi/hajimiuntitled.ms,0,0,0
211,288,water,water,water,ms/osvWater.ms,0,0,0
211,289,panmao,default category,object/panmao/panmao.flt,object/panmao/panmaoemat.ms,0,0,0
211,290,hajimi1,default category,object/hajimi/hajimiuntitled.flt,object/hajimi/hajimiuntitled.ms,0,0,0
211,291,hajimi2,default category,object/hajimi/hajimiuntitled.flt,object/hajimi/hajimiuntitled.ms,0,0,0
211,292,hajimi3,default category,object/hajimi/hajimiuntitled.flt,object/hajimi/hajimiuntitled.ms,0,0,0
211,293,hajimi4,default category,object/hajimi/hajimiuntitled.flt,object/hajimi/hajimiuntitled.ms,0,0,0
212,294,water,water,water,ms/osvWater.ms,0,0,0
212,295,panmao,default category,object/panmao/panmao.flt,object/panmao/panmaoemat.ms,0,0,0
212,296,hajimi1,default category,object/hajimi/hajimiuntitled.flt,object/hajimi/hajimiuntitled.ms,0,0,0
212,297,hajimi2,default category,object/hajimi/hajimiuntitled.flt,object/hajimi/hajimiuntitled.ms,0,0,0
212,298,hajimi3,default category,object/hajimi/hajimiuntitled.flt,object/hajimi/hajimiuntitled.ms,0,0,0
212,299,hajimi4,default category,object/hajimi/hajimiuntitled.flt,object/hajimi/hajimiuntitled.ms,0,0,0
213,300,water,water,water,ms/osvWater.ms,0,0,0
213,301,panmao,default category,object/panmao/panmao.flt,object/panmao/panmaoemat.ms,0,0,0
213,302,hajimi1,default category,object/hajimi/hajimiuntitled.flt,object/hajimi/hajimiuntitled.ms,0,0,0
213,303,hajimi2,default category,object/hajimi/hajimiuntitled.flt,object/hajimi/hajimiuntitled.ms,0,0,0
213,304,hajimi3,default category,object/hajimi/hajimiuntitled.flt,object/hajimi/hajimiuntitled.ms,0,0,0
213,305,hajimi4,default category,object/hajimi/hajimiuntitled.flt,object/hajimi/hajimiuntitled.ms,0,0,0
214,306,water,water,water,ms/osvWater.ms,0,0,0
214,307,panmao,default category,object/panmao/panmao.flt,object/panmao/panmaoemat.ms,0,0,0
214,308,hajimi1,default category,object/hajimi/hajimiuntitled.flt,object/hajimi/hajimiuntitled.ms,0,0,0
214,309,hajimi2,default category,object/hajimi/hajimiuntitled.flt,object/hajimi/hajimiuntitled.ms,0,0,0
214,310,hajimi3,default category,object/hajimi/hajimiuntitled.flt,object/hajimi/hajimiuntitled.ms,0,0,0
214,311,hajimi4,default category,object/hajimi/hajimiuntitled.flt,object/hajimi/hajimiuntitled.ms,0,0,0
215,312,water,water,water,ms/osvWater.ms,0,0,0
215,313,panmao,default category,object/panmao/panmao.flt,object/panmao/panmaoemat.ms,0,0,0
215,314,hajimi1,default category,object/hajimi/hajimiuntitled.flt,object/hajimi/hajimiuntitled.ms,0,0,0
215,315,hajimi2,default category,object/hajimi/hajimiuntitled.flt,object/hajimi/hajimiuntitled.ms,0,0,0
215,316,hajimi3,default category,object/hajimi/hajimiuntitled.flt,object/hajimi/hajimiuntitled.ms,0,0,0
215,317,hajimi4,default category,object/hajimi/hajimiuntitled.flt,object/hajimi/hajimiuntitled.ms,0,0,0
216,318,water,water,water,ms/osvWater.ms,0,0,0
216,319,panmao,default category,object/panmao/panmao.flt,object/panmao/panmaoemat.ms,0,0,0
216,320,hajimi1,default category,object/hajimi/hajimiuntitled.flt,object/hajimi/hajimiuntitled.ms,0,0,0
216,321,hajimi2,default category,object/hajimi/hajimiuntitled.flt,object/hajimi/hajimiuntitled.ms,0,0,0
216,322,hajimi3,default category,object/hajimi/hajimiuntitled.flt,object/hajimi/hajimiuntitled.ms,0,0,0
216,323,hajimi4,default category,object/hajimi/hajimiuntitled.flt,object/hajimi/hajimiuntitled.ms,0,0,0
217,324,water,water,water,ms/osvWater.ms,0,0,0
217,325,panmao,default category,object/panmao/panmao.flt,object/panmao/panmaoemat.ms,0,0,0
217,326,hajimi1,default category,object/hajimi/hajimiuntitled.flt,object/hajimi/hajimiuntitled.ms,0,0,0
217,327,hajimi2,default category,object/hajimi/hajimiuntitled.flt,object/hajimi/hajimiuntitled.ms,0,0,0
217,328,hajimi3,default category,object/hajimi/hajimiuntitled.flt,object/hajimi/hajimiuntitled.ms,0,0,0
217,329,hajimi4,default category,object/hajimi/hajimiuntitled.flt,object/hajimi/hajimiuntitled.ms,0,0,0
218,330,water,water,water,ms/osvWater.ms,0,0,0
218,331,panmao,default category,object/panmao/panmao.flt,object/panmao/panmaoemat.ms,0,0,0
218,332,hajimi1,default category,object/hajimi/hajimiuntitled.flt,object/hajimi/hajimiuntitled.ms,0,0,0
218,333,hajimi2,default category,object/hajimi/hajimiuntitled.flt,object/hajimi/hajimiuntitled.ms,0,0,0
218,334,hajimi3,default category,object/hajimi/hajimiuntitled.flt,object/hajimi/hajimiuntitled.ms,0,0,0
218,335,hajimi4,default category,object/hajimi/hajimiuntitled.flt,object/hajimi/hajimiuntitled.ms,0,0,0
219,336,water,water,water,ms/osvWater.ms,0,0,0
219,337,panmao,default category,object/panmao/panmao.flt,object/panmao/panmaoemat.ms,0,0,0
219,338,hajimi1,default category,object/hajimi/hajimiuntitled.flt,object/hajimi/hajimiuntitled.ms,0,0,0
219,339,hajimi2,default category,object/hajimi/hajimiuntitled.flt,object/hajimi/hajimiuntitled.ms,0,0,0
219,340,hajimi3,default category,object/hajimi/hajimiuntitled.flt,object/hajimi/hajimiuntitled.ms,0,0,0
219,341,hajimi4,default category,object/hajimi/hajimiuntitled.flt,object/hajimi/hajimiuntitled.ms,0,0,0
220,342,water,water,water,ms/osvWater.ms,0,0,0
220,343,panmao,default category,object/panmao/panmao.flt,object/panmao/panmaoemat.ms,0,0,0
220,344,hajimi1,default category,object/hajimi/hajimiuntitled.flt,object/hajimi/hajimiuntitled.ms,0,0,0
220,345,hajimi2,default category,object/hajimi/hajimiuntitled.flt,object/hajimi/hajimiuntitled.ms,0,0,0
220,346,hajimi3,default category,object/hajimi/hajimiuntitled.flt,object/hajimi/hajimiuntitled.ms,0,0,0
220,347,hajimi4,default category,object/hajimi/hajimiuntitled.flt,object/hajimi/hajimiuntitled.ms,0,0,0
221,348,water,water,water,ms/osvWater.ms,0,0,0
221,349,panmao,default category,object/panmao/panmao.flt,object/panmao/panmaoemat.ms,0,0,0
221,350,hajimi1,default category,object/hajimi/hajimiuntitled.flt,object/hajimi/hajimiuntitled.ms,0,0,0
221,351,hajimi2,default category,object/hajimi/hajimiuntitled.flt,object/hajimi/hajimiuntitled.ms,0,0,0
221,352,hajimi3,default category,object/hajimi/hajimiuntitled.flt,object/hajimi/hajimiuntitled.ms,0,0,0
221,353,hajimi4,default category,object/hajimi/hajimiuntitled.flt,object/hajimi/hajimiuntitled.ms,0,0,0
222,354,water,water,water,ms/osvWater.ms,0,0,0
222,355,panmao,default category,object/panmao/panmao.flt,object/panmao/panmaoemat.ms,0,0,0
222,356,hajimi1,default category,object/hajimi/hajimiuntitled.flt,object/hajimi/hajimiuntitled.ms,0,0,0
222,357,hajimi2,default category,object/hajimi/hajimiuntitled.flt,object/hajimi/hajimiuntitled.ms,0,0,0
222,358,hajimi3,default category,object/hajimi/hajimiuntitled.flt,object/hajimi/hajimiuntitled.ms,0,0,0
222,359,hajimi4,default category,object/hajimi/hajimiuntitled.flt,object/hajimi/hajimiuntitled.ms,0,0,0
223,360,water,water,water,ms/osvWater.ms,0,0,0
223,361,panmao,default category,object/panmao/panmao.flt,object/panmao/panmaoemat.ms,0,0,0
223,362,hajimi1,default category,object/hajimi/hajimiuntitled.flt,object/hajimi/hajimiuntitled.ms,0,0,0
223,363,hajimi2,default category,object/hajimi/hajimiuntitled.flt,object/hajimi/hajimiuntitled.ms,0,0,0
223,364,hajimi3,default category,object/hajimi/hajimiuntitled.flt,object/hajimi/hajimiuntitled.ms,0,0,0
223,365,hajimi4,default category,object/hajimi/hajimiuntitled.flt,object/hajimi/hajimiuntitled.ms,0,0,0
224,366,water,water,water,ms/osvWater.ms,0,0,0
224,367,panmao,default category,object/panmao/panmao.flt,object/panmao/panmaoemat.ms,0,0,0
224,368,hajimi1,default category,object/hajimi/hajimiuntitled.flt,object/hajimi/hajimiuntitled.ms,0,0,0
224,369,hajimi2,default category,object/hajimi/hajimiuntitled.flt,object/hajimi/hajimiuntitled.ms,0,0,0
224,370,hajimi3,default category,object/hajimi/hajimiuntitled.flt,object/hajimi/hajimiuntitled.ms,0,0,0
224,371,hajimi4,default category,object/hajimi/hajimiuntitled.flt,object/hajimi/hajimiuntitled.ms,0,0,0
225,372,water,water,water,ms/osvWater.ms,0,0,0
225,373,panmao,default category,object/panmao/panmao.flt,object/panmao/panmaoemat.ms,0,0,0
225,374,hajimi1,default category,object/hajimi/hajimiuntitled.flt,object/hajimi/hajimiuntitled.ms,0,0,0
225,375,hajimi2,default category,object/hajimi/hajimiuntitled.flt,object/hajimi/hajimiuntitled.ms,0,0,0
225,376,hajimi3,default category,object/hajimi/hajimiuntitled.flt,object/hajimi/hajimiuntitled.ms,0,0,0
225,377,hajimi4,default category,object/hajimi/hajimiuntitled.flt,object/hajimi/hajimiuntitled.ms,0,0,0
226,378,water,water,water,ms/osvWater.ms,0,0,0
226,379,panmao,default category,object/panmao/panmao.flt,object/panmao/panmaoemat.ms,0,0,0
226,380,hajimi1,default category,object/hajimi/hajimiuntitled.flt,object/hajimi/hajimiuntitled.ms,0,0,0
226,381,hajimi2,default category,object/hajimi/hajimiuntitled.flt,object/hajimi/hajimiuntitled.ms,0,0,0
226,382,hajimi3,default category,object/hajimi/hajimiuntitled.flt,object/hajimi/hajimiuntitled.ms,0,0,0
226,383,hajimi4,default category,object/hajimi/hajimiuntitled.flt,object/hajimi/hajimiuntitled.ms,0,0,0
227,384,water,water,water,ms/osvWater.ms,0,0,0
227,385,panmao,default category,object/panmao/panmao.flt,object/panmao/panmaoemat.ms,0,0,0
227,386,hajimi1,default category,object/hajimi/hajimiuntitled.flt,object/hajimi/hajimiuntitled.ms,0,0,0
227,387,hajimi2,default category,object/hajimi/hajimiuntitled.flt,object/hajimi/hajimiuntitled.ms,0,0,0
227,388,hajimi3,default category,object/hajimi/hajimiuntitled.flt,object/hajimi/hajimiuntitled.ms,0,0,0
227,389,hajimi4,default category,object/hajimi/hajimiuntitled.flt,object/hajimi/hajimiuntitled.ms,0,0,0
228,390,water,water,water,ms/osvWater.ms,0,0,0
228,391,panmao,default category,object/panmao/panmao.flt,object/panmao/panmaoemat.ms,0,0,0
228,392,hajimi1,default category,object/hajimi/hajimiuntitled.flt,object/hajimi/hajimiuntitled.ms,0,0,0
228,393,hajimi2,default category,object/hajimi/hajimiuntitled.flt,object/hajimi/hajimiuntitled.ms,0,0,0
228,394,hajimi3,default category,object/hajimi/hajimiuntitled.flt,object/hajimi/hajimiuntitled.ms,0,0,0
228,395,hajimi4,default category,object/hajimi/hajimiuntitled.flt,object/hajimi/hajimiuntitled.ms,0,0,0
229,396,water,water,water,ms/osvWater.ms,0,0,0
229,397,panmao,default category,object/panmao/panmao.flt,object/panmao/panmaoemat.ms,0,0,0
229,398,hajimi1,default category,object/hajimi/hajimiuntitled.flt,object/hajimi/hajimiuntitled.ms,0,0,0
229,399,hajimi2,default category,object/hajimi/hajimiuntitled.flt,object/hajimi/hajimiuntitled.ms,0,0,0
229,400,hajimi3,default category,object/hajimi/hajimiuntitled.flt,object/hajimi/hajimiuntitled.ms,0,0,0
229,401,hajimi4,default category,object/hajimi/hajimiuntitled.flt,object/hajimi/hajimiuntitled.ms,0,0,0
230,402,water,water,water,ms/osvWater.ms,0,0,0
230,403,panmao,default category,object/panmao/panmao.flt,object/panmao/panmaoemat.ms,0,0,0
230,404,hajimi1,default category,object/hajimi/hajimiuntitled.flt,object/hajimi/hajimiuntitled.ms,0,0,0
230,405,hajimi2,default category,object/hajimi/hajimiuntitled.flt,object/hajimi/hajimiuntitled.ms,0,0,0
230,406,hajimi3,default category,object/hajimi/hajimiuntitled.flt,object/hajimi/hajimiuntitled.ms,0,0,0
230,407,hajimi4,default category,object/hajimi/hajimiuntitled.flt,object/hajimi/hajimiuntitled.ms,0,0,0
231,408,water,water,water,ms/osvWater.ms,0,0,0
231,409,panmao,default category,object/panmao/panmao.flt,object/panmao/panmaoemat.ms,0,0,0
231,410,hajimi1,default category,object/hajimi/hajimiuntitled.flt,object/hajimi/hajimiuntitled.ms,0,0,0
231,411,hajimi2,default category,object/hajimi/hajimiuntitled.flt,object/hajimi/hajimiuntitled.ms,0,0,0
231,412,hajimi3,default category,object/hajimi/hajimiuntitled.flt,object/hajimi/hajimiuntitled.ms,0,0,0
231,413,hajimi4,default category,object/hajimi/hajimiuntitled.flt,object/hajimi/hajimiuntitled.ms,0,0,0
232,414,water,water,water,ms/osvWater.ms,0,0,0
232,415,panmao,default category,object/panmao/panmao.flt,object/panmao/panmaoemat.ms,0,0,0
232,416,hajimi1,default category,object/hajimi/hajimiuntitled.flt,object/hajimi/hajimiuntitled.ms,0,0,0
232,417,hajimi2,default category,object/hajimi/hajimiuntitled.flt,object/hajimi/hajimiuntitled.ms,0,0,0
232,418,hajimi3,default category,object/hajimi/hajimiuntitled.flt,object/hajimi/hajimiuntitled.ms,0,0,0
232,419,hajimi4,default category,object/hajimi/hajimiuntitled.flt,object/hajimi/hajimiuntitled.ms,0,0,0
233,420,water,water,water,ms/osvWater.ms,0,0,0
233,421,panmao,default category,object/panmao/panmao.flt,object/panmao/panmaoemat.ms,0,0,0
233,422,hajimi1,default category,object/hajimi/hajimiuntitled.flt,object/hajimi/hajimiuntitled.ms,0,0,0
233,423,hajimi2,default category,object/hajimi/hajimiuntitled.flt,object/hajimi/hajimiuntitled.ms,0,0,0
233,424,hajimi3,default category,object/hajimi/hajimiuntitled.flt,object/hajimi/hajimiuntitled.ms,0,0,0
233,425,hajimi4,default category,object/hajimi/hajimiuntitled.flt,object/hajimi/hajimiuntitled.ms,0,0,0
234,426,water,water,water,ms/osvWater.ms,0,0,0
234,427,panmao,default category,object/panmao/panmao.flt,object/panmao/panmaoemat.ms,0,0,0
234,428,hajimi1,default category,object/hajimi/hajimiuntitled.flt,object/hajimi/hajimiuntitled.ms,0,0,0
234,429,hajimi2,default category,object/hajimi/hajimiuntitled.flt,object/hajimi/hajimiuntitled.ms,0,0,0
234,430,hajimi3,default category,object/hajimi/hajimiuntitled.flt,object/hajimi/hajimiuntitled.ms,0,0,0
234,431,hajimi4,default category,object/hajimi/hajimiuntitled.flt,object/hajimi/hajimiuntitled.ms,0,0,0
235,432,water,water,water,ms/osvWater.ms,0,0,0
235,433,panmao,default category,object/panmao/panmao.flt,object/panmao/panmaoemat.ms,0,0,0
235,434,hajimi1,default category,object/hajimi/hajimiuntitled.flt,object/hajimi/hajimiuntitled.ms,0,0,0
235,435,hajimi2,default category,object/hajimi/hajimiuntitled.flt,object/hajimi/hajimiuntitled.ms,0,0,0
235,436,hajimi3,default category,object/hajimi/hajimiuntitled.flt,object/hajimi/hajimiuntitled.ms,0,0,0
235,437,hajimi4,default category,object/hajimi/hajimiuntitled.flt,object/hajimi/hajimiuntitled.ms,0,0,0
236,438,water,water,water,ms/osvWater.ms,0,0,0
236,439,panmao,default category,object/panmao/panmao.flt,object/panmao/panmaoemat.ms,0,0,0
236,440,hajimi1,default category,object/hajimi/hajimiuntitled.flt,object/hajimi/hajimiuntitled.ms,0,0,0
236,441,hajimi2,default category,object/hajimi/hajimiuntitled.flt,object/hajimi/hajimiuntitled.ms,0,0,0
236,442,hajimi3,default category,object/hajimi/hajimiuntitled.flt,object/hajimi/hajimiuntitled.ms,0,0,0
236,443,hajimi4,default category,object/hajimi/hajimiuntitled.flt,object/hajimi/hajimiuntitled.ms,0,0,0
237,444,water,water,water,ms/osvWater.ms,0,0,0
237,445,panmao,default category,object/panmao/panmao.flt,object/panmao/panmaoemat.ms,0,0,0
237,446,hajimi1,default category,object/hajimi/hajimiuntitled.flt,object/hajimi/hajimiuntitled.ms,0,0,0
237,447,hajimi2,default category,object/hajimi/hajimiuntitled.flt,object/hajimi/hajimiuntitled.ms,0,0,0
237,448,hajimi3,default category,object/hajimi/hajimiuntitled.flt,object/hajimi/hajimiuntitled.ms,0,0,0
237,449,hajimi4,default category,object/hajimi/hajimiuntitled.flt,object/hajimi/hajimiuntitled.ms,0,0,0
238,450,water,water,water,ms/osvWater.ms,0,0,0
238,451,panmao,default category,object/panmao/panmao.flt,object/panmao/panmaoemat.ms,0,0,0
238,452,hajimi1,default category,object/hajimi/hajimiuntitled.flt,object/hajimi/hajimiuntitled.ms,0,0,0
238,453,hajimi2,default category,object/hajimi/hajimiuntitled.flt,object/hajimi/hajimiuntitled.ms,0,0,0
238,454,hajimi3,default category,object/hajimi/hajimiuntitled.flt,object/hajimi/hajimiuntitled.ms,0,0,0
238,455,hajimi4,default category,object/hajimi/hajimiuntitled.flt,object/hajimi/hajimiuntitled.ms,0,0,0
239,456,water,water,water,ms/osvWater.ms,0,0,0
239,457,panmao,default category,object/panmao/panmao.flt,object/panmao/panmaoemat.ms,0,0,0
239,458,hajimi1,default category,object/hajimi/hajimiuntitled.flt,object/hajimi/hajimiuntitled.ms,0,0,0
239,459,hajimi2,default category,object/hajimi/hajimiuntitled.flt,object/hajimi/hajimiuntitled.ms,0,0,0
239,460,hajimi3,default category,object/hajimi/hajimiuntitled.flt,object/hajimi/hajimiuntitled.ms,0,0,0
239,461,hajimi4,default category,object/hajimi/hajimiuntitled.flt,object/hajimi/hajimiuntitled.ms,0,0,0
240,462,water,water,water,ms/osvWater.ms,0,0,0
240,463,panmao,default category,object/panmao/panmao.flt,object/panmao/panmaoemat.ms,0,0,0
240,464,hajimi1,default category,object/hajimi/hajimiuntitled.flt,object/hajimi/hajimiuntitled.ms,0,0,0
240,465,hajimi2,default category,object/hajimi/hajimiuntitled.flt,object/hajimi/hajimiuntitled.ms,0,0,0
240,466,hajimi3,default category,object/hajimi/hajimiuntitled.flt,object/hajimi/hajimiuntitled.ms,0,0,0
240,467,hajimi4,default category,object/hajimi/hajimiuntitled.flt,object/hajimi/hajimiuntitled.ms,0,0,0
241,468,water,water,water,ms/osvWater.ms,0,0,0
241,469,panmao,default category,object/panmao/panmao.flt,object/panmao/panmaoemat.ms,0,0,0
241,470,hajimi1,default category,object/hajimi/hajimiuntitled.flt,object/hajimi/hajimiuntitled.ms,0,0,0
241,471,hajimi2,default category,object/hajimi/hajimiuntitled.flt,object/hajimi/hajimiuntitled.ms,0,0,0
241,472,hajimi3,default category,object/hajimi/hajimiuntitled.flt,object/hajimi/hajimiuntitled.ms,0,0,0
241,473,hajimi4,default category,object/hajimi/hajimiuntitled.flt,object/hajimi/hajimiuntitled.ms,0,0,0
242,474,water,water,water,ms/osvWater.ms,0,0,0
242,475,panmao,default category,object/panmao/panmao.flt,object/panmao/panmaoemat.ms,0,0,0
242,476,hajimi1,default category,object/hajimi/hajimiuntitled.flt,object/hajimi/hajimiuntitled.ms,0,0,0
242,477,hajimi2,default category,object/hajimi/hajimiuntitled.flt,object/hajimi/hajimiuntitled.ms,0,0,0
242,478,hajimi3,default category,object/hajimi/hajimiuntitled.flt,object/hajimi/hajimiuntitled.ms,0,0,0
242,479,hajimi4,default category,object/hajimi/hajimiuntitled.flt,object/hajimi/hajimiuntitled.ms,0,0,0
243,480,water,water,water,ms/osvWater.ms,0,0,0
243,481,panmao,default category,object/panmao/panmao.flt,object/panmao/panmaoemat.ms,0,0,0
243,482,hajimi1,default category,object/hajimi/hajimiuntitled.flt,object/hajimi/hajimiuntitled.ms,0,0,0
243,483,hajimi2,default category,object/hajimi/hajimiuntitled.flt,object/hajimi/hajimiuntitled.ms,0,0,0
243,484,hajimi3,default category,object/hajimi/hajimiuntitled.flt,object/hajimi/hajimiuntitled.ms,0,0,0
243,485,hajimi4,default category,object/hajimi/hajimiuntitled.flt,object/hajimi/hajimiuntitled.ms,0,0,0
244,486,water,water,water,ms/osvWater.ms,0,0,0
244,487,panmao,default category,object/panmao/panmao.flt,object/panmao/panmaoemat.ms,0,0,0
244,488,hajimi1,default category,object/hajimi/hajimiuntitled.flt,object/hajimi/hajimiuntitled.ms,0,0,0
244,489,hajimi2,default category,object/hajimi/hajimiuntitled.flt,object/hajimi/hajimiuntitled.ms,0,0,0
244,490,hajimi3,default category,object/hajimi/hajimiuntitled.flt,object/hajimi/hajimiuntitled.ms,0,0,0
244,491,hajimi4,default category,object/hajimi/hajimiuntitled.flt,object/hajimi/hajimiuntitled.ms,0,0,0
245,492,water,water,water,ms/osvWater.ms,0,0,0
245,493,panmao,default category,object/panmao/panmao.flt,object/panmao/panmaoemat.ms,0,0,0
245,494,hajimi1,default category,object/hajimi/hajimiuntitled.flt,object/hajimi/hajimiuntitled.ms,0,0,0
245,495,hajimi2,default category,object/hajimi/hajimiuntitled.flt,object/hajimi/hajimiuntitled.ms,0,0,0
245,496,hajimi3,default category,object/hajimi/hajimiuntitled.flt,object/hajimi/hajimiuntitled.ms,0,0,0
245,497,hajimi4,default category,object/hajimi/hajimiuntitled.flt,object/hajimi/hajimiuntitled.ms,0,0,0
246,498,water,water,water,ms/osvWater.ms,0,0,0
246,499,panmao,default category,object/panmao/panmao.flt,object/panmao/panmaoemat.ms,0,0,0
246,500,hajimi1,default category,object/hajimi/hajimiuntitled.flt,object/hajimi/hajimiuntitled.ms,0,0,0
246,501,hajimi2,default category,object/hajimi/hajimiuntitled.flt,object/hajimi/hajimiuntitled.ms,0,0,0
246,502,hajimi3,default category,object/hajimi/hajimiuntitled.flt,object/hajimi/hajimiuntitled.ms,0,0,0
246,503,hajimi4,default category,object/hajimi/hajimiuntitled.flt,object/hajimi/hajimiuntitled.ms,0,0,0
247,504,water,water,water,ms/osvWater.ms,0,0,0
247,505,panmao,default category,object/panmao/panmao.flt,object/panmao/panmaoemat.ms,0,0,0
247,506,hajimi1,default category,object/hajimi/hajimiuntitled.flt,object/hajimi/hajimiuntitled.ms,0,0,0
247,507,hajimi2,default category,object/hajimi/hajimiuntitled.flt,object/hajimi/hajimiuntitled.ms,0,0,0
247,508,hajimi3,default category,object/hajimi/hajimiuntitled.flt,object/hajimi/hajimiuntitled.ms,0,0,0
247,509,hajimi4,default category,object/hajimi/hajimiuntitled.flt,object/hajimi/hajimiuntitled.ms,0,0,0
248,510,water,water,water,ms/osvWater.ms,0,0,0
248,511,panmao,default category,object/panmao/panmao.flt,object/panmao/panmaoemat.ms,0,0,0
248,512,hajimi1,default category,object/hajimi/hajimiuntitled.flt,object/hajimi/hajimiuntitled.ms,0,0,0
248,513,hajimi2,default category,object/hajimi/hajimiuntitled.flt,object/hajimi/hajimiuntitled.ms,0,0,0
248,514,hajimi3,default category,object/hajimi/hajimiuntitled.flt,object/hajimi/hajimiuntitled.ms,0,0,0
248,515,hajimi4,default category,object/hajimi/hajimiuntitled.flt,object/hajimi/hajimiuntitled.ms,0,0,0
249,516,water,water,water,ms/osvWater.ms,0,0,0
249,517,panmao,default category,object/panmao/panmao.flt,object/panmao/panmaoemat.ms,0,0,0
249,518,hajimi1,default category,object/hajimi/hajimiuntitled.flt,object/hajimi/hajimiuntitled.ms,0,0,0
249,519,hajimi2,default category,object/hajimi/hajimiuntitled.flt,object/hajimi/hajimiuntitled.ms,0,0,0
249,520,hajimi3,default category,object/hajimi/hajimiuntitled.flt,object/hajimi/hajimiuntitled.ms,0,0,0
249,521,hajimi4,default category,object/hajimi/hajimiuntitled.flt,object/hajimi/hajimiuntitled.ms,0,0,0
250,522,water,water,water,ms/osvWater.ms,0,0,0
250,523,panmao,default category,object/panmao/panmao.flt,object/panmao/panmaoemat.ms,0,0,0
250,524,hajimi1,default category,object/hajimi/hajimiuntitled.flt,object/hajimi/hajimiuntitled.ms,0,0,0
250,525,hajimi2,default category,object/hajimi/hajimiuntitled.flt,object/hajimi/hajimiuntitled.ms,0,0,0
250,526,hajimi3,default category,object/hajimi/hajimiuntitled.flt,object/hajimi/hajimiuntitled.ms,0,0,0
250,527,hajimi4,default category,object/hajimi/hajimiuntitled.flt,object/hajimi/hajimiuntitled.ms,0,0,0
251,528,water,water,water,ms/osvWater.ms,0,0,0
251,529,panmao,default category,object/panmao/panmao.flt,object/panmao/panmaoemat.ms,0,0,0
251,530,hajimi1,default category,object/hajimi/hajimiuntitled.flt,object/hajimi/hajimiuntitled.ms,0,0,0
251,531,hajimi2,default category,object/hajimi/hajimiuntitled.flt,object/hajimi/hajimiuntitled.ms,0,0,0
251,532,hajimi3,default category,object/hajimi/hajimiuntitled.flt,object/hajimi/hajimiuntitled.ms,0,0,0
251,533,hajimi4,default category,object/hajimi/hajimiuntitled.flt,object/hajimi/hajimiuntitled.ms,0,0,0
252,534,water,water,water,ms/osvWater.ms,0,0,0
252,535,panmao,default category,object/panmao/panmao.flt,object/panmao/panmaoemat.ms,0,0,0
252,536,hajimi1,default category,object/hajimi/hajimiuntitled.flt,object/hajimi/hajimiuntitled.ms,0,0,0
252,537,hajimi2,default category,object/hajimi/hajimiuntitled.flt,object/hajimi/hajimiuntitled.ms,0,0,0
252,538,hajimi3,default category,object/hajimi/hajimiuntitled.flt,object/hajimi/hajimiuntitled.ms,0,0,0
252,539,hajimi4,default category,object/hajimi/hajimiuntitled.flt,object/hajimi/hajimiuntitled.ms,0,0,0
253,540,water,water,water,ms/osvWater.ms,0,0,0
253,541,panmao,default category,object/panmao/panmao.flt,object/panmao/panmaoemat.ms,0,0,0
253,542,hajimi1,default category,object/hajimi/hajimiuntitled.flt,object/hajimi/hajimiuntitled.ms,0,0,0
253,543,hajimi2,default category,object/hajimi/hajimiuntitled.flt,object/hajimi/hajimiuntitled.ms,0,0,0
253,544,hajimi3,default category,object/hajimi/hajimiuntitled.flt,object/hajimi/hajimiuntitled.ms,0,0,0
253,545,hajimi4,default category,object/hajimi/hajimiuntitled.flt,object/hajimi/hajimiuntitled.ms,0,0,0
254,546,water,water,water,ms/osvWater.ms,0,0,0
254,547,panmao,default category,object/panmao/panmao.flt,object/panmao/panmaoemat.ms,0,0,0
254,548,hajimi1,default category,object/hajimi/hajimiuntitled.flt,object/hajimi/hajimiuntitled.ms,0,0,0
254,549,hajimi2,default category,object/hajimi/hajimiuntitled.flt,object/hajimi/hajimiuntitled.ms,0,0,0
254,550,hajimi3,default category,object/hajimi/hajimiuntitled.flt,object/hajimi/hajimiuntitled.ms,0,0,0
254,551,hajimi4,default category,object/hajimi/hajimiuntitled.flt,object/hajimi/hajimiuntitled.ms,0,0,0
255,552,water,water,water,ms/osvWater.ms,0,0,0
255,553,panmao,default category,object/panmao/panmao.flt,object/panmao/panmaoemat.ms,0,0,0
255,554,hajimi1,default category,object/hajimi/hajimiuntitled.flt,object/hajimi/hajimiuntitled.ms,0,0,0
255,555,hajimi2,default category,object/hajimi/hajimiuntitled.flt,object/hajimi/hajimiuntitled.ms,0,0,0
255,556,hajimi3,default category,object/hajimi/hajimiuntitled.flt,object/hajimi/hajimiuntitled.ms,0,0,0
255,557,hajimi4,default category,object/hajimi/hajimiuntitled.flt,object/hajimi/hajimiuntitled.ms,0,0,0
256,558,water,water,water,ms/osvWater.ms,0,0,0
256,559,panmao,default category,object/panmao/panmao.flt,object/panmao/panmaoemat.ms,0,0,0
256,560,hajimi1,default category,object/hajimi/hajimiuntitled.flt,object/hajimi/hajimiuntitled.ms,0,0,0
256,561,hajimi2,default category,object/hajimi/hajimiuntitled.flt,object/hajimi/hajimiuntitled.ms,0,0,0
256,562,hajimi3,default category,object/hajimi/hajimiuntitled.flt,object/hajimi/hajimiuntitled.ms,0,0,0
256,563,hajimi4,default category,object/hajimi/hajimiuntitled.flt,object/hajimi/hajimiuntitled.ms,0,0,0
257,564,water,water,water,ms/osvWater.ms,0,0,0
257,565,panmao,default category,object/panmao/panmao.flt,object/panmao/panmaoemat.ms,0,0,0
257,566,hajimi1,default category,object/hajimi/hajimiuntitled.flt,object/hajimi/hajimiuntitled.ms,0,0,0
257,567,hajimi2,default category,object/hajimi/hajimiuntitled.flt,object/hajimi/hajimiuntitled.ms,0,0,0
257,568,hajimi3,default category,object/hajimi/hajimiuntitled.flt,object/hajimi/hajimiuntitled.ms,0,0,0
257,569,hajimi4,default category,object/hajimi/hajimiuntitled.flt,object/hajimi/hajimiuntitled.ms,0,0,0
258,570,water,water,water,ms/osvWater.ms,0,0,0
258,571,panmao,default category,object/panmao/panmao.flt,object/panmao/panmaoemat.ms,0,0,0
258,572,hajimi1,default category,object/hajimi/hajimiuntitled.flt,object/hajimi/hajimiuntitled.ms,0,0,0
258,573,hajimi2,default category,object/hajimi/hajimiuntitled.flt,object/hajimi/hajimiuntitled.ms,0,0,0
258,574,hajimi3,default category,object/hajimi/hajimiuntitled.flt,object/hajimi/hajimiuntitled.ms,0,0,0
258,575,hajimi4,default category,object/hajimi/hajimiuntitled.flt,object/hajimi/hajimiuntitled.ms,0,0,0
259,576,water,water,water,ms/osvWater.ms,0,0,0
259,577,panmao,default category,object/panmao/panmao.flt,object/panmao/panmaoemat.ms,0,0,0
259,578,hajimi1,default category,object/hajimi/hajimiuntitled.flt,object/hajimi/hajimiuntitled.ms,0,0,0
259,579,hajimi2,default category,object/hajimi/hajimiuntitled.flt,object/hajimi/hajimiuntitled.ms,0,0,0
259,580,hajimi3,default category,object/hajimi/hajimiuntitled.flt,object/hajimi/hajimiuntitled.ms,0,0,0
259,581,hajimi4,default category,object/hajimi/hajimiuntitled.flt,object/hajimi/hajimiuntitled.ms,0,0,0
260,582,water,water,water,ms/osvWater.ms,0,0,0
260,583,panmao,default category,object/panmao/panmao.flt,object/panmao/panmaoemat.ms,0,0,0
260,584,hajimi1,default category,object/hajimi/hajimiuntitled.flt,object/hajimi/hajimiuntitled.ms,0,0,0
260,585,hajimi2,default category,object/hajimi/hajimiuntitled.flt,object/hajimi/hajimiuntitled.ms,0,0,0
260,586,hajimi3,default category,object/hajimi/hajimiuntitled.flt,object/hajimi/hajimiuntitled.ms,0,0,0
260,587,hajimi4,default category,object/hajimi/hajimiuntitled.flt,object/hajimi/hajimiuntitled.ms,0,0,0
261,588,water,water,water,ms/osvWater.ms,0,0,0
261,589,panmao,default category,object/panmao/panmao.flt,object/panmao/panmaoemat.ms,0,0,0
261,590,hajimi1,default category,object/hajimi/hajimiuntitled.flt,object/hajimi/hajimiuntitled.ms,0,0,0
261,591,hajimi2,default category,object/hajimi/hajimiuntitled.flt,object/hajimi/hajimiuntitled.ms,0,0,0
261,592,hajimi3,default category,object/hajimi/hajimiuntitled.flt,object/hajimi/hajimiuntitled.ms,0,0,0
261,593,hajimi4,default category,object/hajimi/hajimiuntitled.flt,object/hajimi/hajimiuntitled.ms,0,0,0
262,594,water,water,water,ms/osvWater.ms,0,0,0
262,595,panmao,default category,object/panmao/panmao.flt,object/panmao/panmaoemat.ms,0,0,0
262,596,hajimi1,default category,object/hajimi/hajimiuntitled.flt,object/hajimi/hajimiuntitled.ms,0,0,0
262,597,hajimi2,default category,object/hajimi/hajimiuntitled.flt,object/hajimi/hajimiuntitled.ms,0,0,0
262,598,hajimi3,default category,object/hajimi/hajimiuntitled.flt,object/hajimi/hajimiuntitled.ms,0,0,0
262,599,hajimi4,default category,object/hajimi/hajimiuntitled.flt,object/hajimi/hajimiuntitled.ms,0,0,0
263,600,water,water,water,ms/osvWater.ms,0,0,0
263,601,panmao,default category,object/panmao/panmao.flt,object/panmao/panmaoemat.ms,0,0,0
263,602,hajimi1,default category,object/hajimi/hajimiuntitled.flt,object/hajimi/hajimiuntitled.ms,0,0,0
263,603,hajimi2,default category,object/hajimi/hajimiuntitled.flt,object/hajimi/hajimiuntitled.ms,0,0,0
263,604,hajimi3,default category,object/hajimi/hajimiuntitled.flt,object/hajimi/hajimiuntitled.ms,0,0,0
263,605,hajimi4,default category,object/hajimi/hajimiuntitled.flt,object/hajimi/hajimiuntitled.ms,0,0,0
264,606,water,water,water,ms/osvWater.ms,0,0,0
264,607,panmao,default category,object/panmao/panmao.flt,object/panmao/panmaoemat.ms,0,0,0
264,608,hajimi1,default category,object/hajimi/hajimiuntitled.flt,object/hajimi/hajimiuntitled.ms,0,0,0
264,609,hajimi2,default category,object/hajimi/hajimiuntitled.flt,object/hajimi/hajimiuntitled.ms,0,0,0
264,610,hajimi3,default category,object/hajimi/hajimiuntitled.flt,object/hajimi/hajimiuntitled.ms,0,0,0
264,611,hajimi4,default category,object/hajimi/hajimiuntitled.flt,object/hajimi/hajimiuntitled.ms,0,0,0
265,612,water,water,water,ms/osvWater.ms,0,0,0
265,613,panmao,default category,object/panmao/panmao.flt,object/panmao/panmaoemat.ms,0,0,0
265,614,hajimi1,default category,object/hajimi/hajimiuntitled.flt,object/hajimi/hajimiuntitled.ms,0,0,0
265,615,hajimi2,default category,object/hajimi/hajimiuntitled.flt,object/hajimi/hajimiuntitled.ms,0,0,0
265,616,hajimi3,default category,object/hajimi/hajimiuntitled.flt,object/hajimi/hajimiuntitled.ms,0,0,0
265,617,hajimi4,default category,object/hajimi/hajimiuntitled.flt,object/hajimi/hajimiuntitled.ms,0,0,0
266,618,water,water,water,ms/osvWater.ms,0,0,0
266,619,panmao,default category,object/panmao/panmao.flt,object/panmao/panmaoemat.ms,0,0,0
266,620,hajimi1,default category,object/hajimi/hajimiuntitled.flt,object/hajimi/hajimiuntitled.ms,0,0,0
266,621,hajimi2,default category,object/hajimi/hajimiuntitled.flt,object/hajimi/hajimiuntitled.ms,0,0,0
266,622,hajimi3,default category,object/hajimi/hajimiuntitled.flt,object/hajimi/hajimiuntitled.ms,0,0,0
266,623,hajimi4,default category,object/hajimi/hajimiuntitled.flt,object/hajimi/hajimiuntitled.ms,0,0,0
267,624,water,water,water,ms/osvWater.ms,0,0,0
267,625,panmao,default category,object/panmao/panmao.flt,object/panmao/panmaoemat.ms,0,0,0
267,626,hajimi1,default category,object/hajimi/hajimiuntitled.flt,object/hajimi/hajimiuntitled.ms,0,0,0
267,627,hajimi2,default category,object/hajimi/hajimiuntitled.flt,object/hajimi/hajimiuntitled.ms,0,0,0
267,628,hajimi3,default category,object/hajimi/hajimiuntitled.flt,object/hajimi/hajimiuntitled.ms,0,0,0
267,629,hajimi4,default category,object/hajimi/hajimiuntitled.flt,object/hajimi/hajimiuntitled.ms,0,0,0
268,630,water,water,water,ms/osvWater.ms,0,0,0
268,631,panmao,default category,object/panmao/panmao.flt,object/panmao/panmaoemat.ms,0,0,0
268,632,hajimi1,default category,object/hajimi/hajimiuntitled.flt,object/hajimi/hajimiuntitled.ms,0,0,0
268,633,hajimi2,default category,object/hajimi/hajimiuntitled.flt,object/hajimi/hajimiuntitled.ms,0,0,0
268,634,hajimi3,default category,object/hajimi/hajimiuntitled.flt,object/hajimi/hajimiuntitled.ms,0,0,0
268,635,hajimi4,default category,object/hajimi/hajimiuntitled.flt,object/hajimi/hajimiuntitled.ms,0,0,0
269,636,water,water,water,ms/osvWater.ms,0,0,0
269,637,panmao,default category,object/panmao/panmao.flt,object/panmao/panmaoemat.ms,0,0,0
269,638,hajimi1,default category,object/hajimi/hajimiuntitled.flt,object/hajimi/hajimiuntitled.ms,0,0,0
269,639,hajimi2,default category,object/hajimi/hajimiuntitled.flt,object/hajimi/hajimiuntitled.ms,0,0,0
269,640,hajimi3,default category,object/hajimi/hajimiuntitled.flt,object/hajimi/hajimiuntitled.ms,0,0,0
269,641,hajimi4,default category,object/hajimi/hajimiuntitled.flt,object/hajimi/hajimiuntitled.ms,0,0,0
270,642,water,water,water,ms/osvWater.ms,0,0,0
270,643,panmao,default category,object/panmao/panmao.flt,object/panmao/panmaoemat.ms,0,0,0
270,644,hajimi1,default category,object/hajimi/hajimiuntitled.flt,object/hajimi/hajimiuntitled.ms,0,0,0
270,645,hajimi2,default category,object/hajimi/hajimiuntitled.flt,object/hajimi/hajimiuntitled.ms,0,0,0
270,646,hajimi3,default category,object/hajimi/hajimiuntitled.flt,object/hajimi/hajimiuntitled.ms,0,0,0
270,647,hajimi4,default category,object/hajimi/hajimiuntitled.flt,object/hajimi/hajimiuntitled.ms,0,0,0
271,648,water,water,water,ms/osvWater.ms,0,0,0
271,649,panmao,default category,object/panmao/panmao.flt,object/panmao/panmaoemat.ms,0,0,0
271,650,hajimi1,default category,object/hajimi/hajimiuntitled.flt,object/hajimi/hajimiuntitled.ms,0,0,0
271,651,hajimi2,default category,object/hajimi/hajimiuntitled.flt,object/hajimi/hajimiuntitled.ms,0,0,0
271,652,hajimi3,default category,object/hajimi/hajimiuntitled.flt,object/hajimi/hajimiuntitled.ms,0,0,0
271,653,hajimi4,default category,object/hajimi/hajimiuntitled.flt,object/hajimi/hajimiuntitled.ms,0,0,0
272,654,water,water,water,ms/osvWater.ms,0,0,0
272,655,panmao,default category,object/panmao/panmao.flt,object/panmao/panmaoemat.ms,0,0,0
272,656,hajimi1,default category,object/hajimi/hajimiuntitled.flt,object/hajimi/hajimiuntitled.ms,0,0,0
272,657,hajimi2,default category,object/hajimi/hajimiuntitled.flt,object/hajimi/hajimiuntitled.ms,0,0,0
272,658,hajimi3,default category,object/hajimi/hajimiuntitled.flt,object/hajimi/hajimiuntitled.ms,0,0,0
272,659,hajimi4,default category,object/hajimi/hajimiuntitled.flt,object/hajimi/hajimiuntitled.ms,0,0,0
273,660,water,water,water,ms/osvWater.ms,0,0,0
273,661,panmao,default category,object/panmao/panmao.flt,object/panmao/panmaoemat.ms,0,0,0
273,662,hajimi1,default category,object/hajimi/hajimiuntitled.flt,object/hajimi/hajimiuntitled.ms,0,0,0
273,663,hajimi2,default category,object/hajimi/hajimiuntitled.flt,object/hajimi/hajimiuntitled.ms,0,0,0
273,664,hajimi3,default category,object/hajimi/hajimiuntitled.flt,object/hajimi/hajimiuntitled.ms,0,0,0
273,665,hajimi4,default category,object/hajimi/hajimiuntitled.flt,object/hajimi/hajimiuntitled.ms,0,0,0
274,666,water,water,water,ms/osvWater.ms,0,0,0
274,667,panmao,default category,object/panmao/panmao.flt,object/panmao/panmaoemat.ms,0,0,0
274,668,hajimi1,default category,object/hajimi/hajimiuntitled.flt,object/hajimi/hajimiuntitled.ms,0,0,0
274,669,hajimi2,default category,object/hajimi/hajimiuntitled.flt,object/hajimi/hajimiuntitled.ms,0,0,0
274,670,hajimi3,default category,object/hajimi/hajimiuntitled.flt,object/hajimi/hajimiuntitled.ms,0,0,0
274,671,hajimi4,default category,object/hajimi/hajimiuntitled.flt,object/hajimi/hajimiuntitled.ms,0,0,0
275,672,water,water,water,ms/osvWater.ms,0,0,0
275,673,panmao,default category,object/panmao/panmao.flt,object/panmao/panmaoemat.ms,0,0,0
275,674,hajimi1,default category,object/hajimi/hajimiuntitled.flt,object/hajimi/hajimiuntitled.ms,0,0,0
275,675,hajimi2,default category,object/hajimi/hajimiuntitled.flt,object/hajimi/hajimiuntitled.ms,0,0,0
275,676,hajimi3,default category,object/hajimi/hajimiuntitled.flt,object/hajimi/hajimiuntitled.ms,0,0,0
275,677,hajimi4,default category,object/hajimi/hajimiuntitled.flt,object/hajimi/hajimiuntitled.ms,0,0,0
276,678,water,water,water,ms/osvWater.ms,0,0,0
276,679,panmao,default category,object/panmao/panmao.flt,object/panmao/panmaoemat.ms,0,0,0
276,680,hajimi1,default category,object/hajimi/hajimiuntitled.flt,object/hajimi/hajimiuntitled.ms,0,0,0
276,681,hajimi2,default category,object/hajimi/hajimiuntitled.flt,object/hajimi/hajimiuntitled.ms,0,0,0
276,682,hajimi3,default category,object/hajimi/hajimiuntitled.flt,object/hajimi/hajimiuntitled.ms,0,0,0
276,683,hajimi4,default category,object/hajimi/hajimiuntitled.flt,object/hajimi/hajimiuntitled.ms,0,0,0
277,684,water,water,water,ms/osvWater.ms,0,0,0
277,685,panmao,default category,object/panmao/panmao.flt,object/panmao/panmaoemat.ms,0,0,0
277,686,hajimi1,default category,object/hajimi/hajimiuntitled.flt,object/hajimi/hajimiuntitled.ms,0,0,0
277,687,hajimi2,default category,object/hajimi/hajimiuntitled.flt,object/hajimi/hajimiuntitled.ms,0,0,0
277,688,hajimi3,default category,object/hajimi/hajimiuntitled.flt,object/hajimi/hajimiuntitled.ms,0,0,0
277,689,hajimi4,default category,object/hajimi/hajimiuntitled.flt,object/hajimi/hajimiuntitled.ms,0,0,0
278,690,water,water,water,ms/osvWater.ms,0,0,0
278,691,panmao,default category,object/panmao/panmao.flt,object/panmao/panmaoemat.ms,0,0,0
278,692,hajimi1,default category,object/hajimi/hajimiuntitled.flt,object/hajimi/hajimiuntitled.ms,0,0,0
278,693,hajimi2,default category,object/hajimi/hajimiuntitled.flt,object/hajimi/hajimiuntitled.ms,0,0,0
278,694,hajimi3,default category,object/hajimi/hajimiuntitled.flt,object/hajimi/hajimiuntitled.ms,0,0,0
278,695,hajimi4,default category,object/hajimi/hajimiuntitled.flt,object/hajimi/hajimiuntitled.ms,0,0,0
279,696,water,water,water,ms/osvWater.ms,0,0,0
279,697,panmao,default category,object/panmao/panmao.flt,object/panmao/panmaoemat.ms,0,0,0
279,698,hajimi1,default category,object/hajimi/hajimiuntitled.flt,object/hajimi/hajimiuntitled.ms,0,0,0
279,699,hajimi2,default category,object/hajimi/hajimiuntitled.flt,object/hajimi/hajimiuntitled.ms,0,0,0
279,700,hajimi3,default category,object/hajimi/hajimiuntitled.flt,object/hajimi/hajimiuntitled.ms,0,0,0
279,701,hajimi4,default category,object/hajimi/hajimiuntitled.flt,object/hajimi/hajimiuntitled.ms,0,0,0
280,702,water,water,water,ms/osvWater.ms,0,0,0
280,703,panmao,default category,object/panmao/panmao.flt,object/panmao/panmaoemat.ms,0,0,0
280,704,hajimi1,default category,object/hajimi/hajimiuntitled.flt,object/hajimi/hajimiuntitled.ms,0,0,0
280,705,hajimi2,default category,object/hajimi/hajimiuntitled.flt,object/hajimi/hajimiuntitled.ms,0,0,0
280,706,hajimi3,default category,object/hajimi/hajimiuntitled.flt,object/hajimi/hajimiuntitled.ms,0,0,0
280,707,hajimi4,default category,object/hajimi/hajimiuntitled.flt,object/hajimi/hajimiuntitled.ms,0,0,0
281,708,water,water,water,ms/osvWater.ms,0,0,0
281,709,panmao,default category,object/panmao/panmao.flt,object/panmao/panmaoemat.ms,0,0,0
281,710,hajimi1,default category,object/hajimi/hajimiuntitled.flt,object/hajimi/hajimiuntitled.ms,0,0,0
281,711,hajimi2,default category,object/hajimi/hajimiuntitled.flt,object/hajimi/hajimiuntitled.ms,0,0,0
281,712,hajimi3,default category,object/hajimi/hajimiuntitled.flt,object/hajimi/hajimiuntitled.ms,0,0,0
281,713,hajimi4,default category,object/hajimi/hajimiuntitled.flt,object/hajimi/hajimiuntitled.ms,0,0,0
282,714,water,water,water,ms/osvWater.ms,0,0,0
282,715,panmao,default category,object/panmao/panmao.flt,object/panmao/panmaoemat.ms,0,0,0
282,716,hajimi1,default category,object/hajimi/hajimiuntitled.flt,object/hajimi/hajimiuntitled.ms,0,0,0
282,717,hajimi2,default category,object/hajimi/hajimiuntitled.flt,object/hajimi/hajimiuntitled.ms,0,0,0
282,718,hajimi3,default category,object/hajimi/hajimiuntitled.flt,object/hajimi/hajimiuntitled.ms,0,0,0
282,719,hajimi4,default category,object/hajimi/hajimiuntitled.flt,object/hajimi/hajimiuntitled.ms,0,0,0
283,720,water,water,water,ms/osvWater.ms,0,0,0
283,721,panmao,default category,object/panmao/panmao.flt,object/panmao/panmaoemat.ms,0,0,0
283,722,hajimi1,default category,object/hajimi/hajimiuntitled.flt,object/hajimi/hajimiuntitled.ms,0,0,0
283,723,hajimi2,default category,object/hajimi/hajimiuntitled.flt,object/hajimi/hajimiuntitled.ms,0,0,0
283,724,hajimi3,default category,object/hajimi/hajimiuntitled.flt,object/hajimi/hajimiuntitled.ms,0,0,0
283,725,hajimi4,default category,object/hajimi/hajimiuntitled.flt,object/hajimi/hajimiuntitled.ms,0,0,0
284,726,water,water,water,ms/osvWater.ms,0,0,0
284,727,panmao,default category,object/panmao/panmao.flt,object/panmao/panmaoemat.ms,0,0,0
284,728,hajimi1,default category,object/hajimi/hajimiuntitled.flt,object/hajimi/hajimiuntitled.ms,0,0,0
284,729,hajimi2,default category,object/hajimi/hajimiuntitled.flt,object/hajimi/hajimiuntitled.ms,0,0,0
284,730,hajimi3,default category,object/hajimi/hajimiuntitled.flt,object/hajimi/hajimiuntitled.ms,0,0,0
284,731,hajimi4,default category,object/hajimi/hajimiuntitled.flt,object/hajimi/hajimiuntitled.ms,0,0,0
285,732,water,water,water,ms/osvWater.ms,0,0,0
285,733,panmao,default category,object/panmao/panmao.flt,object/panmao/panmaoemat.ms,0,0,0
285,734,hajimi1,default category,object/hajimi/hajimiuntitled.flt,object/hajimi/hajimiuntitled.ms,0,0,0
285,735,hajimi2,default category,object/hajimi/hajimiuntitled.flt,object/hajimi/hajimiuntitled.ms,0,0,0
285,736,hajimi3,default category,object/hajimi/hajimiuntitled.flt,object/hajimi/hajimiuntitled.ms,0,0,0
285,737,hajimi4,default category,object/hajimi/hajimiuntitled.flt,object/hajimi/hajimiuntitled.ms,0,0,0
286,738,water,water,water,ms/osvWater.ms,0,0,0
286,739,panmao,default category,object/panmao/panmao.flt,object/panmao/panmaoemat.ms,0,0,0
286,740,hajimi1,default category,object/hajimi/hajimiuntitled.flt,object/hajimi/hajimiuntitled.ms,0,0,0
286,741,hajimi2,default category,object/hajimi/hajimiuntitled.flt,object/hajimi/hajimiuntitled.ms,0,0,0
286,742,hajimi3,default category,object/hajimi/hajimiuntitled.flt,object/hajimi/hajimiuntitled.ms,0,0,0
286,743,hajimi4,default category,object/hajimi/hajimiuntitled.flt,object/hajimi/hajimiuntitled.ms,0,0,0
287,744,water,water,water,ms/osvWater.ms,0,0,0
287,745,panmao,default category,object/panmao/panmao.flt,object/panmao/panmaoemat.ms,0,0,0
287,746,hajimi1,default category,object/hajimi/hajimiuntitled.flt,object/hajimi/hajimiuntitled.ms,0,0,0
287,747,hajimi2,default category,object/hajimi/hajimiuntitled.flt,object/hajimi/hajimiuntitled.ms,0,0,0
287,748,hajimi3,default category,object/hajimi/hajimiuntitled.flt,object/hajimi/hajimiuntitled.ms,0,0,0
287,749,hajimi4,default category,object/hajimi/hajimiuntitled.flt,object/hajimi/hajimiuntitled.ms,0,0,0
288,750,water,water,water,ms/osvWater.ms,0,0,0
288,751,panmao,default category,object/panmao/panmao.flt,object/panmao/panmaoemat.ms,0,0,0
288,752,hajimi1,default category,object/hajimi/hajimiuntitled.flt,object/hajimi/hajimiuntitled.ms,0,0,0
288,753,hajimi2,default category,object/hajimi/hajimiuntitled.flt,object/hajimi/hajimiuntitled.ms,0,0,0
288,754,hajimi3,default category,object/hajimi/hajimiuntitled.flt,object/hajimi/hajimiuntitled.ms,0,0,0
288,755,hajimi4,default category,object/hajimi/hajimiuntitled.flt,object/hajimi/hajimiuntitled.ms,0,0,0
289,756,water,water,water,ms/osvWater.ms,0,0,0
289,757,panmao,default category,object/panmao/panmao.flt,object/panmao/panmaoemat.ms,0,0,0
289,758,hajimi1,default category,object/hajimi/hajimiuntitled.flt,object/hajimi/hajimiuntitled.ms,0,0,0
289,759,hajimi2,default category,object/hajimi/hajimiuntitled.flt,object/hajimi/hajimiuntitled.ms,0,0,0
289,760,hajimi3,default category,object/hajimi/hajimiuntitled.flt,object/hajimi/hajimiuntitled.ms,0,0,0
289,761,hajimi4,default category,object/hajimi/hajimiuntitled.flt,object/hajimi/hajimiuntitled.ms,0,0,0
290,762,water,water,water,ms/osvWater.ms,0,0,0
290,763,panmao,default category,object/panmao/panmao.flt,object/panmao/panmaoemat.ms,0,0,0
290,764,hajimi1,default category,object/hajimi/hajimiuntitled.flt,object/hajimi/hajimiuntitled.ms,0,0,0
290,765,hajimi2,default category,object/hajimi/hajimiuntitled.flt,object/hajimi/hajimiuntitled.ms,0,0,0
290,766,hajimi3,default category,object/hajimi/hajimiuntitled.flt,object/hajimi/hajimiuntitled.ms,0,0,0
290,767,hajimi4,default category,object/hajimi/hajimiuntitled.flt,object/hajimi/hajimiuntitled.ms,0,0,0
291,768,water,water,water,ms/osvWater.ms,0,0,0
291,769,panmao,default category,object/panmao/panmao.flt,object/panmao/panmaoemat.ms,0,0,0
291,770,hajimi1,default category,object/hajimi/hajimiuntitled.flt,object/hajimi/hajimiuntitled.ms,0,0,0
291,771,hajimi2,default category,object/hajimi/hajimiuntitled.flt,object/hajimi/hajimiuntitled.ms,0,0,0
291,772,hajimi3,default category,object/hajimi/hajimiuntitled.flt,object/hajimi/hajimiuntitled.ms,0,0,0
291,773,hajimi4,default category,object/hajimi/hajimiuntitled.flt,object/hajimi/hajimiuntitled.ms,0,0,0
292,774,water,water,water,ms/osvWater.ms,0,0,0
292,775,panmao,default category,object/panmao/panmao.flt,object/panmao/panmaoemat.ms,0,0,0
292,776,hajimi1,default category,object/hajimi/hajimiuntitled.flt,object/hajimi/hajimiuntitled.ms,0,0,0
292,777,hajimi2,default category,object/hajimi/hajimiuntitled.flt,object/hajimi/hajimiuntitled.ms,0,0,0
292,778,hajimi3,default category,object/hajimi/hajimiuntitled.flt,object/hajimi/hajimiuntitled.ms,0,0,0
292,779,hajimi4,default category,object/hajimi/hajimiuntitled.flt,object/hajimi/hajimiuntitled.ms,0,0,0
293,780,water,water,water,ms/osvWater.ms,0,0,0
293,781,panmao,default category,object/panmao/panmao.flt,object/panmao/panmaoemat.ms,0,0,0
293,782,hajimi1,default category,object/hajimi/hajimiuntitled.flt,object/hajimi/hajimiuntitled.ms,0,0,0
293,783,hajimi2,default category,object/hajimi/hajimiuntitled.flt,object/hajimi/hajimiuntitled.ms,0,0,0
293,784,hajimi3,default category,object/hajimi/hajimiuntitled.flt,object/hajimi/hajimiuntitled.ms,0,0,0
293,785,hajimi4,default category,object/hajimi/hajimiuntitled.flt,object/hajimi/hajimiuntitled.ms,0,0,0
294,786,water,water,water,ms/osvWater.ms,0,0,0
294,787,panmao,default category,object/panmao/panmao.flt,object/panmao/panmaoemat.ms,0,0,0
294,788,hajimi1,default category,object/hajimi/hajimiuntitled.flt,object/hajimi/hajimiuntitled.ms,0,0,0
294,789,hajimi2,default category,object/hajimi/hajimiuntitled.flt,object/hajimi/hajimiuntitled.ms,0,0,0
294,790,hajimi3,default category,object/hajimi/hajimiuntitled.flt,object/hajimi/hajimiuntitled.ms,0,0,0
294,791,hajimi4,default category,object/hajimi/hajimiuntitled.flt,object/hajimi/hajimiuntitled.ms,0,0,0
295,792,water,water,water,ms/osvWater.ms,0,0,0
295,793,panmao,default category,object/panmao/panmao.flt,object/panmao/panmaoemat.ms,0,0,0
295,794,hajimi1,default category,object/hajimi/hajimiuntitled.flt,object/hajimi/hajimiuntitled.ms,0,0,0
295,795,hajimi2,default category,object/hajimi/hajimiuntitled.flt,object/hajimi/hajimiuntitled.ms,0,0,0
295,796,hajimi3,default category,object/hajimi/hajimiuntitled.flt,object/hajimi/hajimiuntitled.ms,0,0,0
295,797,hajimi4,default category,object/hajimi/hajimiuntitled.flt,object/hajimi/hajimiuntitled.ms,0,0,0
296,798,water,water,water,ms/osvWater.ms,0,0,0
296,799,panmao,default category,object/panmao/panmao.flt,object/panmao/panmaoemat.ms,0,0,0
296,800,hajimi1,default category,object/hajimi/hajimiuntitled.flt,object/hajimi/hajimiuntitled.ms,0,0,0
296,801,hajimi2,default category,object/hajimi/hajimiuntitled.flt,object/hajimi/hajimiuntitled.ms,0,0,0
296,802,hajimi3,default category,object/hajimi/hajimiuntitled.flt,object/hajimi/hajimiuntitled.ms,0,0,0
296,803,hajimi4,default category,object/hajimi/hajimiuntitled.flt,object/hajimi/hajimiuntitled.ms,0,0,0
297,804,water,water,water,ms/osvWater.ms,0,0,0
297,805,panmao,default category,object/panmao/panmao.flt,object/panmao/panmaoemat.ms,0,0,0
297,806,hajimi1,default category,object/hajimi/hajimiuntitled.flt,object/hajimi/hajimiuntitled.ms,0,0,0
297,807,hajimi2,default category,object/hajimi/hajimiuntitled.flt,object/hajimi/hajimiuntitled.ms,0,0,0
297,808,hajimi3,default category,object/hajimi/hajimiuntitled.flt,object/hajimi/hajimiuntitled.ms,0,0,0
297,809,hajimi4,default category,object/hajimi/hajimiuntitled.flt,object/hajimi/hajimiuntitled.ms,0,0,0
298,810,water,water,water,ms/osvWater.ms,0,0,0
298,811,panmao,default category,object/panmao/panmao.flt,object/panmao/panmaoemat.ms,0,0,0
298,812,hajimi1,default category,object/hajimi/hajimiuntitled.flt,object/hajimi/hajimiuntitled.ms,0,0,0
298,813,hajimi2,default category,object/hajimi/hajimiuntitled.flt,object/hajimi/hajimiuntitled.ms,0,0,0
298,814,hajimi3,default category,object/hajimi/hajimiuntitled.flt,object/hajimi/hajimiuntitled.ms,0,0,0
298,815,hajimi4,default category,object/hajimi/hajimiuntitled.flt,object/hajimi/hajimiuntitled.ms,0,0,0
299,816,water,water,water,ms/osvWater.ms,0,0,0
299,817,panmao,default category,object/panmao/panmao.flt,object/panmao/panmaoemat.ms,0,0,0
299,818,hajimi1,default category,object/hajimi/hajimiuntitled.flt,object/hajimi/hajimiuntitled.ms,0,0,0
299,819,hajimi2,default category,object/hajimi/hajimiuntitled.flt,object/hajimi/hajimiuntitled.ms,0,0,0
299,820,hajimi3,default category,object/hajimi/hajimiuntitled.flt,object/hajimi/hajimiuntitled.ms,0,0,0
299,821,hajimi4,default category,object/hajimi/hajimiuntitled.flt,object/hajimi/hajimiuntitled.ms,0,0,0
300,822,water,water,water,ms/osvWater.ms,0,0,0
300,823,panmao,default category,object/panmao/panmao.flt,object/panmao/panmaoemat.ms,0,0,0
300,824,hajimi1,default category,object/hajimi/hajimiuntitled.flt,object/hajimi/hajimiuntitled.ms,0,0,0
300,825,hajimi2,default category,object/hajimi/hajimiuntitled.flt,object/hajimi/hajimiuntitled.ms,0,0,0
300,826,hajimi3,default category,object/hajimi/hajimiuntitled.flt,object/hajimi/hajimiuntitled.ms,0,0,0
300,827,hajimi4,default category,object/hajimi/hajimiuntitled.flt,object/hajimi/hajimiuntitled.ms,0,0,0
301,828,water,water,water,ms/osvWater.ms,0,0,0
301,829,panmao,default category,object/panmao/panmao.flt,object/panmao/panmaoemat.ms,0,0,0
301,830,hajimi1,default category,object/hajimi/hajimiuntitled.flt,object/hajimi/hajimiuntitled.ms,0,0,0
301,831,hajimi2,default category,object/hajimi/hajimiuntitled.flt,object/hajimi/hajimiuntitled.ms,0,0,0
301,832,hajimi3,default category,object/hajimi/hajimiuntitled.flt,object/hajimi/hajimiuntitled.ms,0,0,0
301,833,hajimi4,default category,object/hajimi/hajimiuntitled.flt,object/hajimi/hajimiuntitled.ms,0,0,0
302,834,water,water,water,ms/osvWater.ms,0,0,0
302,835,panmao,default category,object/panmao/panmao.flt,object/panmao/panmaoemat.ms,0,0,0
302,836,hajimi1,default category,object/hajimi/hajimiuntitled.flt,object/hajimi/hajimiuntitled.ms,0,0,0
302,837,hajimi2,default category,object/hajimi/hajimiuntitled.flt,object/hajimi/hajimiuntitled.ms,0,0,0
302,838,hajimi3,default category,object/hajimi/hajimiuntitled.flt,object/hajimi/hajimiuntitled.ms,0,0,0
302,839,hajimi4,default category,object/hajimi/hajimiuntitled.flt,object/hajimi/hajimiuntitled.ms,0,0,0
303,840,water,water,water,ms/osvWater.ms,0,0,0
303,841,panmao,default category,object/panmao/panmao.flt,object/panmao/panmaoemat.ms,0,0,0
303,842,hajimi1,default category,object/hajimi/hajimiuntitled.flt,object/hajimi/hajimiuntitled.ms,0,0,0
303,843,hajimi2,default category,object/hajimi/hajimiuntitled.flt,object/hajimi/hajimiuntitled.ms,0,0,0
303,844,hajimi3,default category,object/hajimi/hajimiuntitled.flt,object/hajimi/hajimiuntitled.ms,0,0,0
303,845,hajimi4,default category,object/hajimi/hajimiuntitled.flt,object/hajimi/hajimiuntitled.ms,0,0,0
304,846,water,water,water,ms/osvWater.ms,0,0,0
304,847,panmao,default category,object/panmao/panmao.flt,object/panmao/panmaoemat.ms,0,0,0
304,848,hajimi1,default category,object/hajimi/hajimiuntitled.flt,object/hajimi/hajimiuntitled.ms,0,0,0
304,849,hajimi2,default category,object/hajimi/hajimiuntitled.flt,object/hajimi/hajimiuntitled.ms,0,0,0
304,850,hajimi3,default category,object/hajimi/hajimiuntitled.flt,object/hajimi/hajimiuntitled.ms,0,0,0
304,851,hajimi4,default category,object/hajimi/hajimiuntitled.flt,object/hajimi/hajimiuntitled.ms,0,0,0
305,852,water,water,water,ms/osvWater.ms,0,0,0
305,853,panmao,default category,object/panmao/panmao.flt,object/panmao/panmaoemat.ms,0,0,0
305,854,hajimi1,default category,object/hajimi/hajimiuntitled.flt,object/hajimi/hajimiuntitled.ms,0,0,0
305,855,hajimi2,default category,object/hajimi/hajimiuntitled.flt,object/hajimi/hajimiuntitled.ms,0,0,0
305,856,hajimi3,default category,object/hajimi/hajimiuntitled.flt,object/hajimi/hajimiuntitled.ms,0,0,0
305,857,hajimi4,default category,object/hajimi/hajimiuntitled.flt,object/hajimi/hajimiuntitled.ms,0,0,0
306,858,water,water,water,ms/osvWater.ms,0,0,0
306,859,panmao,default category,object/panmao/panmao.flt,object/panmao/panmaoemat.ms,0,0,0
306,860,hajimi1,default category,object/hajimi/hajimiuntitled.flt,object/hajimi/hajimiuntitled.ms,0,0,0
306,861,hajimi2,default category,object/hajimi/hajimiuntitled.flt,object/hajimi/hajimiuntitled.ms,0,0,0
306,862,hajimi3,default category,object/hajimi/hajimiuntitled.flt,object/hajimi/hajimiuntitled.ms,0,0,0
306,863,hajimi4,default category,object/hajimi/hajimiuntitled.flt,object/hajimi/hajimiuntitled.ms,0,0,0
307,864,water,water,water,ms/osvWater.ms,0,0,0
307,865,panmao,default category,object/panmao/panmao.flt,object/panmao/panmaoemat.ms,0,0,0
307,866,hajimi1,default category,object/hajimi/hajimiuntitled.flt,object/hajimi/hajimiuntitled.ms,0,0,0
307,867,hajimi2,default category,object/hajimi/hajimiuntitled.flt,object/hajimi/hajimiuntitled.ms,0,0,0
307,868,hajimi3,default category,object/hajimi/hajimiuntitled.flt,object/hajimi/hajimiuntitled.ms,0,0,0
307,869,hajimi4,default category,object/hajimi/hajimiuntitled.flt,object/hajimi/hajimiuntitled.ms,0,0,0
308,870,water,water,water,ms/osvWater.ms,0,0,0
308,871,panmao,default category,object/panmao/panmao.flt,object/panmao/panmaoemat.ms,0,0,0
308,872,hajimi1,default category,object/hajimi/hajimiuntitled.flt,object/hajimi/hajimiuntitled.ms,0,0,0
308,873,hajimi2,default category,object/hajimi/hajimiuntitled.flt,object/hajimi/hajimiuntitled.ms,0,0,0
308,874,hajimi3,default category,object/hajimi/hajimiuntitled.flt,object/hajimi/hajimiuntitled.ms,0,0,0
308,875,hajimi4,default category,object/hajimi/hajimiuntitled.flt,object/hajimi/hajimiuntitled.ms,0,0,0
309,876,water,water,water,ms/osvWater.ms,0,0,0
309,877,panmao,default category,object/panmao/panmao.flt,object/panmao/panmaoemat.ms,0,0,0
309,878,hajimi1,default category,object/hajimi/hajimiuntitled.flt,object/hajimi/hajimiuntitled.ms,0,0,0
309,879,hajimi2,default category,object/hajimi/hajimiuntitled.flt,object/hajimi/hajimiuntitled.ms,0,0,0
309,880,hajimi3,default category,object/hajimi/hajimiuntitled.flt,object/hajimi/hajimiuntitled.ms,0,0,0
309,881,hajimi4,default category,object/hajimi/hajimiuntitled.flt,object/hajimi/hajimiuntitled.ms,0,0,0
310,882,water,water,water,ms/osvWater.ms,0,0,0
310,883,panmao,default category,object/panmao/panmao.flt,object/panmao/panmaoemat.ms,0,0,0
310,884,hajimi1,default category,object/hajimi/hajimiuntitled.flt,object/hajimi/hajimiuntitled.ms,0,0,0
310,885,hajimi2,default category,object/hajimi/hajimiuntitled.flt,object/hajimi/hajimiuntitled.ms,0,0,0
310,886,hajimi3,default category,object/hajimi/hajimiuntitled.flt,object/hajimi/hajimiuntitled.ms,0,0,0
310,887,hajimi4,default category,object/hajimi/hajimiuntitled.flt,object/hajimi/hajimiuntitled.ms,0,0,0
311,888,water,water,water,ms/osvWater.ms,0,0,0
311,889,panmao,default category,object/panmao/panmao.flt,object/panmao/panmaoemat.ms,0,0,0
311,890,hajimi1,default category,object/hajimi/hajimiuntitled.flt,object/hajimi/hajimiuntitled.ms,0,0,0
311,891,hajimi2,default category,object/hajimi/hajimiuntitled.flt,object/hajimi/hajimiuntitled.ms,0,0,0
311,892,hajimi3,default category,object/hajimi/hajimiuntitled.flt,object/hajimi/hajimiuntitled.ms,0,0,0
311,893,hajimi4,default category,object/hajimi/hajimiuntitled.flt,object/hajimi/hajimiuntitled.ms,0,0,0
312,894,water,water,water,ms/osvWater.ms,0,0,0
312,895,panmao,default category,object/panmao/panmao.flt,object/panmao/panmaoemat.ms,0,0,0
312,896,hajimi1,default category,object/hajimi/hajimiuntitled.flt,object/hajimi/hajimiuntitled.ms,0,0,0
312,897,hajimi2,default category,object/hajimi/hajimiuntitled.flt,object/hajimi/hajimiuntitled.ms,0,0,0
312,898,hajimi3,default category,object/hajimi/hajimiuntitled.flt,object/hajimi/hajimiuntitled.ms,0,0,0
312,899,hajimi4,default category,object/hajimi/hajimiuntitled.flt,object/hajimi/hajimiuntitled.ms,0,0,0
313,900,water,water,water,ms/osvWater.ms,0,0,0
313,901,panmao,default category,object/panmao/panmao.flt,object/panmao/panmaoemat.ms,0,0,0
313,902,hajimi1,default category,object/hajimi/hajimiuntitled.flt,object/hajimi/hajimiuntitled.ms,0,0,0
313,903,hajimi2,default category,object/hajimi/hajimiuntitled.flt,object/hajimi/hajimiuntitled.ms,0,0,0
313,904,hajimi3,default category,object/hajimi/hajimiuntitled.flt,object/hajimi/hajimiuntitled.ms,0,0,0
313,905,hajimi4,default category,object/hajimi/hajimiuntitled.flt,object/hajimi/hajimiuntitled.ms,0,0,0
314,906,water,water,water,ms/osvWater.ms,0,0,0
314,907,panmao,default category,object/panmao/panmao.flt,object/panmao/panmaoemat.ms,0,0,0
314,908,hajimi1,default category,object/hajimi/hajimiuntitled.flt,object/hajimi/hajimiuntitled.ms,0,0,0
314,909,hajimi2,default category,object/hajimi/hajimiuntitled.flt,object/hajimi/hajimiuntitled.ms,0,0,0
314,910,hajimi3,default category,object/hajimi/hajimiuntitled.flt,object/hajimi/hajimiuntitled.ms,0,0,0
314,911,hajimi4,default category,object/hajimi/hajimiuntitled.flt,object/hajimi/hajimiuntitled.ms,0,0,0
315,912,water,water,water,ms/osvWater.ms,0,0,0
315,913,panmao,default category,object/panmao/panmao.flt,object/panmao/panmaoemat.ms,0,0,0
315,914,hajimi1,default category,object/hajimi/hajimiuntitled.flt,object/hajimi/hajimiuntitled.ms,0,0,0
315,915,hajimi2,default category,object/hajimi/hajimiuntitled.flt,object/hajimi/hajimiuntitled.ms,0,0,0
315,916,hajimi3,default category,object/hajimi/hajimiuntitled.flt,object/hajimi/hajimiuntitled.ms,0,0,0
315,917,hajimi4,default category,object/hajimi/hajimiuntitled.flt,object/hajimi/hajimiuntitled.ms,0,0,0
316,918,water,water,water,ms/osvWater.ms,0,0,0
316,919,panmao,default category,object/panmao/panmao.flt,object/panmao/panmaoemat.ms,0,0,0
316,920,hajimi1,default category,object/hajimi/hajimiuntitled.flt,object/hajimi/hajimiuntitled.ms,0,0,0
316,921,hajimi2,default category,object/hajimi/hajimiuntitled.flt,object/hajimi/hajimiuntitled.ms,0,0,0
316,922,hajimi3,default category,object/hajimi/hajimiuntitled.flt,object/hajimi/hajimiuntitled.ms,0,0,0
316,923,hajimi4,default category,object/hajimi/hajimiuntitled.flt,object/hajimi/hajimiuntitled.ms,0,0,0
317,924,water,water,water,ms/osvWater.ms,0,0,0
317,925,panmao,default category,object/panmao/panmao.flt,object/panmao/panmaoemat.ms,0,0,0
317,926,hajimi1,default category,object/hajimi/hajimiuntitled.flt,object/hajimi/hajimiuntitled.ms,0,0,0
317,927,hajimi2,default category,object/hajimi/hajimiuntitled.flt,object/hajimi/hajimiuntitled.ms,0,0,0
317,928,hajimi3,default category,object/hajimi/hajimiuntitled.flt,object/hajimi/hajimiuntitled.ms,0,0,0
317,929,hajimi4,default category,object/hajimi/hajimiuntitled.flt,object/hajimi/hajimiuntitled.ms,0,0,0
318,930,water,water,water,ms/osvWater.ms,0,0,0
318,931,panmao,default category,object/panmao/panmao.flt,object/panmao/panmaoemat.ms,0,0,0
318,932,hajimi1,default category,object/hajimi/hajimiuntitled.flt,object/hajimi/hajimiuntitled.ms,0,0,0
318,933,hajimi2,default category,object/hajimi/hajimiuntitled.flt,object/hajimi/hajimiuntitled.ms,0,0,0
318,934,hajimi3,default category,object/hajimi/hajimiuntitled.flt,object/hajimi/hajimiuntitled.ms,0,0,0
318,935,hajimi4,default category,object/hajimi/hajimiuntitled.flt,object/hajimi/hajimiuntitled.ms,0,0,0
319,936,water,water,water,ms/osvWater.ms,0,0,0
319,937,panmao,default category,object/panmao/panmao.flt,object/panmao/panmaoemat.ms,0,0,0
319,938,hajimi1,default category,object/hajimi/hajimiuntitled.flt,object/hajimi/hajimiuntitled.ms,0,0,0
319,939,hajimi2,default category,object/hajimi/hajimiuntitled.flt,object/hajimi/hajimiuntitled.ms,0,0,0
319,940,hajimi3,default category,object/hajimi/hajimiuntitled.flt,object/hajimi/hajimiuntitled.ms,0,0,0
319,941,hajimi4,default category,object/hajimi/hajimiuntitled.flt,object/hajimi/hajimiuntitled.ms,0,0,0
320,942,water,water,water,ms/osvWater.ms,0,0,0
320,943,panmao,default category,object/panmao/panmao.flt,object/panmao/panmaoemat.ms,0,0,0
320,944,hajimi1,default category,object/hajimi/hajimiuntitled.flt,object/hajimi/hajimiuntitled.ms,0,0,0
320,945,hajimi2,default category,object/hajimi/hajimiuntitled.flt,object/hajimi/hajimiuntitled.ms,0,0,0
320,946,hajimi3,default category,object/hajimi/hajimiuntitled.flt,object/hajimi/hajimiuntitled.ms,0,0,0
320,947,hajimi4,default category,object/hajimi/hajimiuntitled.flt,object/hajimi/hajimiuntitled.ms,0,0,0
321,948,water,water,water,ms/osvWater.ms,0,0,0
321,949,panmao,default category,object/panmao/panmao.flt,object/panmao/panmaoemat.ms,0,0,0
321,950,hajimi1,default category,object/hajimi/hajimiuntitled.flt,object/hajimi/hajimiuntitled.ms,0,0,0
321,951,hajimi2,default category,object/hajimi/hajimiuntitled.flt,object/hajimi/hajimiuntitled.ms,0,0,0
321,952,hajimi3,default category,object/hajimi/hajimiuntitled.flt,object/hajimi/hajimiuntitled.ms,0,0,0
321,953,hajimi4,default category,object/hajimi/hajimiuntitled.flt,object/hajimi/hajimiuntitled.ms,0,0,0
322,954,water,water,water,ms/osvWater.ms,0,0,0
322,955,panmao,default category,object/panmao/panmao.flt,object/panmao/panmaoemat.ms,0,0,0
322,956,hajimi1,default category,object/hajimi/hajimiuntitled.flt,object/hajimi/hajimiuntitled.ms,0,0,0
322,957,hajimi2,default category,object/hajimi/hajimiuntitled.flt,object/hajimi/hajimiuntitled.ms,0,0,0
322,958,hajimi3,default category,object/hajimi/hajimiuntitled.flt,object/hajimi/hajimiuntitled.ms,0,0,0
322,959,hajimi4,default category,object/hajimi/hajimiuntitled.flt,object/hajimi/hajimiuntitled.ms,0,0,0
323,960,water,water,water,ms/osvWater.ms,0,0,0
323,961,panmao,default category,object/panmao/panmao.flt,object/panmao/panmaoemat.ms,0,0,0
323,962,hajimi1,default category,object/hajimi/hajimiuntitled.flt,object/hajimi/hajimiuntitled.ms,0,0,0
323,963,hajimi2,default category,object/hajimi/hajimiuntitled.flt,object/hajimi/hajimiuntitled.ms,0,0,0
323,964,hajimi3,default category,object/hajimi/hajimiuntitled.flt,object/hajimi/hajimiuntitled.ms,0,0,0
323,965,hajimi4,default category,object/hajimi/hajimiuntitled.flt,object/hajimi/hajimiuntitled.ms,0,0,0
324,966,water,water,water,ms/osvWater.ms,0,0,0
324,967,panmao,default category,object/panmao/panmao.flt,object/panmao/panmaoemat.ms,0,0,0
324,968,hajimi1,default category,object/hajimi/hajimiuntitled.flt,object/hajimi/hajimiuntitled.ms,0,0,0
324,969,hajimi2,default category,object/hajimi/hajimiuntitled.flt,object/hajimi/hajimiuntitled.ms,0,0,0
324,970,hajimi3,default category,object/hajimi/hajimiuntitled.flt,object/hajimi/hajimiuntitled.ms,0,0,0
324,971,hajimi4,default category,object/hajimi/hajimiuntitled.flt,object/hajimi/hajimiuntitled.ms,0,0,0
